signal_id,contract_address,signal_timestamp,entry_time,exit_time,entry_price,exit_price,pnl_pct,reason,source,narrative,meta_levels_hit,meta_fractions_exited,meta_realized_multiple,meta_time_stop_triggered,meta_runner_ladder,meta_entry_idx,meta_ladder_reason,meta_vol_sum_5m,meta_range_pct_5m,meta_volat_5m,meta_vol_sum_15m,meta_range_pct_15m,meta_volat_15m,meta_vol_sum_60m,meta_range_pct_60m,meta_volat_60m,meta_total_supply_used,meta_entry_mcap_proxy,meta_exit_mcap_proxy,meta_mcap_change_pct
tg_1758611100_139097,DHJVYXsikcimtcVo49FAZqYd1XPYPaXezYhbKArJbonk,2025-07-01 03:47:34+00:00,2025-07-17 07:34:00+00:00,2025-07-17 08:17:00+00:00,0.0139710885452199,0.0226184641845089,61.89478802099233,timeout,tg:1758611100,,{},{},1.6189478802099233,True,True,0,time_stop,0.0,0.0,0.0,0.0,0.0,0.0,0.0,0.0,0.0,1000000000.0,13971088.5452199,22618464.184508897,0.6189478802099232
tg_1758611100_139116,DPgmdXrqGHykj26xTGsmoNpFMfjaFB93cHvURriHpump,2025-07-01 05:45:35+00:00,2025-07-01 05:46:00+00:00,2025-07-02 05:46:00+00:00,5.950337648445003e-05,3.729779568549047e-06,-94.64705083505139,timeout,tg:1758611100,,{},{},0.0626818138551137,True,True,0,time_stop,8864.314757262255,0.10908268177659194,0.0462381076960848,26946.351097437528,0.24366176508862092,0.04655468562683255,97485.7685960735,0.5747979667338275,0.06173341685769328,1000000000.0,59503.37648445003,3729.779568549047,-0.9373181861448863
tg_1758611100_139158,4cjmXiM4Mg7F5Q5mXJF4Xn9y36wY9xLHK5nzcN4qpump,2025-07-01 09:30:29+00:00,2025-07-01 09:31:00+00:00,2025-07-01 10:44:00+00:00,8.862516388928094e-05,0.0002657374785189,199.84427318056612,tp,tg:1758611100,,"{""3.0"": ""2025-07-01T10:44:00+00:00""}",{},1.0,False,True,0,ladder_tp,97916.64614755231,0.5427843006041345,0.28733144960066176,147550.43533796674,0.5703207733058681,0.22248791993943157,147550.43533796674,0.5703207733058681,0.22248791993943157,1000000000.0,88625.16388928094,265737.4785189,1.9984427318056615
tg_1758611100_139169,A4u2PhhSxFUJdXRrqzbpQhgYEWZ56Mj5gFSFhYSFpump,2025-07-01 10:19:22+00:00,2025-07-01 10:20:00+00:00,2025-07-02 10:20:00+00:00,8.642882319763638e-05,3.789563652359809e-06,-95.5577776372255,timeout,tg:1758611100,,{},{},0.043846063294119275,True,True,0,time_stop,21600.628849252906,0.3254644937462109,0.06811210744957927,73056.25769526967,0.5731308881199682,0.14721165989567814,73056.25769526967,0.5731308881199682,0.14721165989567814,1000000000.0,86428.82319763637,3789.563652359809,-0.9561539367058808
tg_1758611100_139190,5RcXsuKg6nWH9UEKdf22XLwwKJE2EmcGuHNadpgGDa9v,2025-07-01 12:43:35+00:00,2025-07-01 12:44:00+00:00,2025-07-02 12:44:00+00:00,0.0001768686344485,7.628788746059637e-06,-89.28802478347173,timeout,tg:1758611100,,{},{},0.043132513403788174,True,True,0,time_stop,60715.36776263714,0.3562937271579892,0.12042194238206444,454338.7835741491,0.94035990126876,0.35718089593416924,1480022.3770733813,1.170528724705112,0.26548782782106967,1000000000.0,176868.6344485,7628.788746059638,-0.9568674865962118
tg_1758611100_139201,6NWctRoMdzNjEwNqHmQv5b1nEi5XURek63wDdrawsBLV,2025-07-01 13:44:28+00:00,2025-07-01 13:45:00+00:00,2025-07-02 13:45:00+00:00,0.0007359013167536,3.656456505301752e-05,-19.376334133431538,timeout,tg:1758611100,,{},{},0.049686777589039624,True,True,0,time_stop,46.80092593362664,0.03441428602767359,0.0,145.1122538877444,0.03736926315842948,0.0,147.09656479585857,0.03736926315842948,0.05113631367951348,1000000000.0,735901.3167536,36564.565053017526,-0.9503132224109603
tg_1758611100_139216,DaPKQjewgFoCdgtK7X7V33PDQmG69r8Qvst9ZCjZpump,2025-07-01 15:51:26+00:00,2025-07-01 15:52:00+00:00,2025-07-02 15:52:00+00:00,0.0001118185446662,3.633237476764173e-06,-95.05924080891255,timeout,tg:1758611100,,{},{},0.03249226224156369,True,True,0,time_stop,14227.873476672195,0.40323761391706847,0.1312023198444938,26295.280185496624,0.5855715453445371,0.12104924000715514,167214.12697208504,0.9025864202316837,0.11768178684567154,1000000000.0,111818.5446662,3633.237476764173,-0.9675077377584363
tg_1758611100_139226,t8w3Tr9crxWCKdr8B91n4mxAaCmYAXXWvs64WYdpump,2025-07-01 16:58:49+00:00,2025-07-01 16:59:00+00:00,2025-07-02 16:59:00+00:00,7.509319700918323e-05,4.290754867293394e-06,-60.88220370780849,timeout,tg:1758611100,,{},{},0.05713906236764261,True,True,0,time_stop,7431.318955429495,0.27212408019631845,0.11326733914763996,28064.579179027223,0.4055811328273309,0.08164292197492373,495289.4407310959,2.5807520132128627,0.12759941073798967,1000000000.0,75093.19700918322,4290.7548672933935,-0.9428609376323575
tg_1758611100_139250,EeKce1KYy6FzSr6hTkBgmAJhosxkwfpY9vDW94Tpbonk,2025-07-01 18:54:49+00:00,2025-07-01 18:55:00+00:00,2025-07-01 19:23:00+00:00,0.0001481322868964,0.0003785605826698,155.55575398262485,tp,tg:1758611100,,"{""3.0"": ""2025-07-01T19:23:00+00:00""}",{},1.0,False,True,0,ladder_tp,17280.935800443116,0.6829411597365135,0.23214356500864425,41219.89192890162,0.9497900925817794,0.23715201787405302,125462.86686726243,0.9862646011421944,0.16821753516649066,1000000000.0,148132.2868964,378560.58266980003,1.5555575398262484
tg_1758611100_139291,DxzQNenW6q4jMs76e6jjhqvJbZ39gEUTAn5gdd1Nbonk,2025-07-01 23:14:56+00:00,2025-07-01 23:35:00+00:00,2025-07-02 23:35:00+00:00,7.960114886366141e-05,3.968753199805675e-06,-95.78950918173274,timeout,tg:1758611100,,{},{},0.04985798894188378,True,True,0,time_stop,0.0,0.0,0.0,0.0,0.0,0.0,0.0,0.0,0.0,1000000000.0,79601.14886366141,3968.753199805675,-0.9501420110581161
tg_1758611100_139330,HLRs2Yj3GHWuWrrxotQo2oQ9P2oUSYwqstwYtBkBbonk,2025-07-02 04:14:42+00:00,2025-07-02 04:15:00+00:00,2025-07-03 04:15:00+00:00,0.0003226258654956,8.714160654930762e-05,-37.086744307868216,timeout,tg:1758611100,,{},{},0.27010111670818926,True,True,0,time_stop,53891.80352377639,0.4933253804105506,0.096274956823924,66257.27703401039,0.6612802702776774,0.08180282464505305,119618.87897087735,0.7706831916608713,0.058192559595965136,1000000000.0,322625.8654956,87141.60654930762,-0.7298988832918107
tg_1758611100_139335,FJjKH9Xp2SvNDNUSN7X9T4uMNafFEYzbZpnwEZXKpump,2025-07-02 04:38:03+00:00,2025-07-02 04:39:00+00:00,2025-07-03 04:39:00+00:00,0.0019043440294152,0.0014533065369853,-45.43769439291489,timeout,tg:1758611100,,{},{},0.7631533559782222,True,True,0,time_stop,11635.298490215799,0.07793226755985622,0.00734971586627767,52039.9198500118,0.18223560114081458,0.025188746457548095,229734.06921512916,0.3816514738717613,0.03924698748361579,1000000000.0,1904344.0294152,1453306.5369853,-0.23684664402177788
tg_1758611100_139345,6mfaa4KbMHfGfXtWmjpkXoNMLsYSPD69qsGtPqbkpump,2025-07-02 05:17:23+00:00,2025-07-02 05:18:00+00:00,2025-07-03 05:18:00+00:00,0.0008032116737096,2.9895214544240678e-05,-84.10441798393722,timeout,tg:1758611100,,{},{},0.0372195966801265,True,True,0,time_stop,783597.879438437,0.7212963999190634,0.1461296830336053,1813063.6557399402,1.2820453477043743,0.21205671573495152,1813063.6557399402,1.2820453477043743,0.21205671573495152,1000000000.0,803211.6737096,29895.214544240676,-0.9627804033198736
tg_1758611100_139413,57vRgzy9iteSQRPQgX2L4RcsjxgstfMNZhswtBKLpump,2025-07-02 11:45:48+00:00,2025-07-02 11:46:00+00:00,2025-07-03 11:46:00+00:00,6.566013025580051e-05,3.3098624954194607e-06,-95.16910315253307,timeout,tg:1758611100,,{},{},0.05040901506781679,True,True,0,time_stop,12069.962028123075,0.2904686384881326,0.06004050230755053,14446.168016962361,0.2904686384881326,0.052572329723161206,14446.168016962361,0.2904686384881326,0.052572329723161206,1000000000.0,65660.13025580051,3309.8624954194606,-0.9495909849321832
tg_1758611100_139478,2KqzGcQLTEPrm6u5teGQMzR4M3v7RB5184qth1hxn3Jy,2025-07-02 17:53:43+00:00,2025-07-02 17:54:00+00:00,2025-07-03 17:54:00+00:00,0.0005462645704142,6.68952801756014e-06,-96.74210037625804,timeout,tg:1758611100,,{},{},0.012245948904370401,True,True,0,time_stop,19311.674231531422,0.14141171528043145,0.015212834637420814,68131.32791092477,0.26185628634498326,0.05000342275957647,381500.04235591437,0.37362268021710704,0.053857487355452614,1000000000.0,546264.5704142,6689.52801756014,-0.9877540510956296
tg_1758611100_139500,25MrUAQBxY5wS21eLNFrW32PmwuDcy3mfBK1bHCTwSRz,2025-07-02 19:19:42+00:00,2025-07-02 19:20:00+00:00,2025-07-03 19:20:00+00:00,0.0176215028087449,0.0009934336532313,-65.65145510264509,timeout,tg:1758611100,,{},{},0.056376216263365204,True,True,0,time_stop,1111.1251989578263,0.38798239321584044,0.31069614036005394,2059.618582567819,0.5370577153665795,0.18726602197404538,6207.147506060777,0.971780239892047,0.26685471280423384,1000000000.0,17621502.8087449,993433.6532313,-0.9436237837366348
tg_1758611100_139507,DTf1r45zDHV8XkKLaQbXzsecBBVWsoVRx6PYC8Vypump,2025-07-02 20:06:43+00:00,2025-07-02 20:07:00+00:00,2025-07-03 20:07:00+00:00,0.0001836001548922,4.821322618166448e-06,-97.69488748673203,timeout,tg:1758611100,,{},{},0.026259904960304996,True,True,0,time_stop,18204.35633284055,0.21647537391641117,0.12538841771251902,71061.08008325173,0.710052204029695,0.16927729380542153,520638.9072152844,1.430476053304212,0.2086156302463544,1000000000.0,183600.1548922,4821.322618166449,-0.9737400950396949
tg_1758611100_139626,8pFhEs3ZMCMVekQDCVvUYLBAPJdUkYWxUeNUMdq7jups,2025-07-03 07:02:38+00:00,2025-07-03 07:05:00+00:00,2025-07-03 12:23:00+00:00,0.0007503031655048,0.0023242594468565,209.77604170079047,tp,tg:1758611100,,"{""3.0"": ""2025-07-03T12:23:00+00:00""}",{},1.0,False,True,0,ladder_tp,0.0,0.0,0.0,0.0,0.0,0.0,0.0,0.0,0.0,1000000000.0,750303.1655048,2324259.4468565,2.0977604170079043
tg_1758611100_139683,EoLW32eUjN9XibMLEb53CMzLtg9XxnHFU6fbpSukjups,2025-07-03 12:38:40+00:00,2025-07-03 17:06:00+00:00,2025-07-04 17:06:00+00:00,0.0209555068580764,0.012705722555539,-15.378020270937565,timeout,tg:1758611100,,{},{},0.6063190282912257,True,True,0,time_stop,0.0,0.0,0.0,0.0,0.0,0.0,0.0,0.0,0.0,1000000000.0,20955506.8580764,12705722.555538999,-0.3936809717087743
tg_1758611100_139711,EZzRUjAZpbBwrsjeqxCQyWebJ7uTrZvx7Jf77hfxpump,2025-07-03 14:38:36+00:00,2025-07-03 14:39:00+00:00,2025-07-04 14:39:00+00:00,0.0002411357443388,4.21009199038118e-06,-95.7202103119902,timeout,tg:1758611100,,{},{},0.01745942726958773,True,True,0,time_stop,34127.95443786411,0.2184920387318228,0.11911700685424163,102899.79870377325,0.42486661506954027,0.1149921119676256,326472.4856242961,0.7449039346084644,0.14282767114617614,1000000000.0,241135.7443388,4210.09199038118,-0.9825405727304123
tg_1758611100_139717,ryAgfsmgmadESGttuG8LwKDsBsT7EisVkLxFcGKpump,2025-07-03 15:05:25+00:00,2025-07-03 15:28:00+00:00,2025-07-03 15:31:00+00:00,0.000165466721599,0.0008081526196666,388.40794804958773,tp,tg:1758611100,,"{""3.0"": ""2025-07-03T15:31:00+00:00"", ""7.0"": ""2025-07-03T15:31:00+00:00""}",{},1.0,False,True,0,ladder_tp,0.0,0.0,0.0,0.0,0.0,0.0,0.0,0.0,0.0,1000000000.0,165466.721599,808152.6196665999,3.8840794804958767
tg_1758611100_139742,w2ZUkG3MTYrmDLoUbRcQduCWECNGPvPZs1vhxaDpump,2025-07-03 17:33:38+00:00,2025-07-03 17:34:00+00:00,2025-07-04 17:34:00+00:00,0.0002615021571983,4.406380095825285e-06,-97.15542390388504,timeout,tg:1758611100,,{},{},0.016850262892798538,True,True,0,time_stop,162805.51275697036,0.2368888371105288,0.08214984755410006,492556.1433712452,0.5041962446394579,0.10567383244364853,553718.4270519789,0.7103720095658678,0.16961174797093548,1000000000.0,261502.1571983,4406.380095825285,-0.9831497371072014
tg_1758611100_139796,J4VRowz8cZjPHXQBZe3vbgnm9BoBrtuF3ewYxy9Spump,2025-07-03 21:28:50+00:00,2025-07-03 21:34:00+00:00,2025-07-04 21:34:00+00:00,5.653024176395443e-05,3.1039989693421672e-06,-94.59630452915498,timeout,tg:1758611100,,{},{},0.05490864486840706,True,True,0,time_stop,0.0,0.0,0.0,0.0,0.0,0.0,0.0,0.0,0.0,1000000000.0,56530.24176395444,3103.998969342167,-0.9450913551315929
tg_1758611100_139836,BFgdzMkTPdKKJeTipv2njtDEwhKxkgFueJQfJGt1jups,2025-07-04 02:25:30+00:00,2025-07-04 04:42:00+00:00,2025-07-05 04:42:00+00:00,0.0711791056857196,0.5187420549901725,48.097410646403915,timeout,tg:1758611100,,{},{},7.287841705690969,True,True,0,time_stop,0.0,0.0,0.0,0.0,0.0,0.0,0.0,0.0,0.0,1000000000.0,71179105.6857196,518742054.99017245,6.287841705690969
tg_1758611100_139922,83kGGSggYGP2ZEEyvX54SkZR1kFn84RgGCDyptbDbonk,2025-07-04 09:15:17+00:00,2025-07-04 09:16:00+00:00,2025-07-04 13:43:00+00:00,0.0004369028982563,0.0029424109839964,573.4702369198512,tp,tg:1758611100,,"{""3.0"": ""2025-07-04T11:13:00+00:00"", ""7.0"": ""2025-07-04T13:43:00+00:00""}",{},1.0,False,True,0,ladder_tp,40643.39554774636,0.2743263124651789,0.019216405298977533,70863.89622730915,0.45113460608854594,0.054268957265704916,216115.3810012444,0.595417908611113,0.056223456127959405,1000000000.0,436902.8982563,2942410.9839963997,5.734702369198511
tg_1758611100_140010,9NT3GXSvPPZxjTNyGfgwPZVahfdMV8iJiHqEtjBDpump,2025-07-04 16:37:10+00:00,2025-07-04 16:38:00+00:00,2025-07-04 17:26:00+00:00,9.6684568001036e-05,7.764099086489802e-05,-19.69660467007922,tp,tg:1758611100,,"{""3.0"": ""2025-07-04T17:26:00+00:00""}",{},1.0,False,True,0,ladder_tp,1949.0298856235227,0.1369822805462918,0.06961414286035922,8600.575370708128,0.1752055109422475,0.04937003738343624,64529.96918124717,1.2770149335187513,0.13097113702222177,1000000000.0,96684.568001036,77640.99086489802,-0.19696604670079218
tg_1758611100_140045,P79VPZFfDreHPQVEF9BHZtAipDpviczpcnBXHWspump,2025-07-04 19:12:51+00:00,2025-07-04 19:13:00+00:00,2025-07-05 11:10:00+00:00,0.0001236354392025,0.000804719077949,550.8805914709994,tp,tg:1758611100,,"{""3.0"": ""2025-07-04T20:01:00+00:00"", ""7.0"": ""2025-07-05T11:10:00+00:00""}",{},1.0,False,True,0,ladder_tp,75522.38580073975,0.4957260756915936,0.1383071068088251,80134.79691491557,0.5135629098816473,0.15400964273996315,80134.79691491557,0.5135629098816473,0.15400964273996315,1000000000.0,123635.4392025,804719.0779489999,5.508805914709995
tg_1758611100_140145,5vdsNXpd7uQLdUMu2e4Ypm9c9swNaLhMQzta4ooMpump,2025-07-05 06:43:12+00:00,2025-07-05 06:44:00+00:00,2025-07-06 06:44:00+00:00,0.0006079389977057,2.649073986252836e-05,-93.72422271509598,timeout,tg:1758611100,,{},{},0.04357466779150823,True,True,0,time_stop,2731.188266633815,0.058813847604342856,0.012568214537905869,17576.998671898127,0.1478520978963631,0.01795041948068934,60043.774243232416,0.29996681188394536,0.03562812882393418,1000000000.0,607938.9977057,26490.73986252836,-0.9564253322084917
tg_1758611100_140152,9E1TrvTBSwfJvHSzgyZJCipQC3v1abPN76panRg2bonk,2025-07-05 07:34:34+00:00,2025-07-05 07:35:00+00:00,2025-07-06 07:35:00+00:00,0.000900837349311,7.104536842418204e-05,-59.31165127840862,timeout,tg:1758611100,,{},{},0.07886592233161809,True,True,0,time_stop,5096.260787073555,0.10227612501764968,0.0189588844029601,8684.242253631062,0.1871743458587315,0.013487597154484958,44177.82350679085,0.2526918718049432,0.026899540873653306,1000000000.0,900837.349311,71045.36842418204,-0.9211340776683818
tg_1758611100_140171,FV6Xcw9K5GZRb2jDN7e6xXgzs4ZDgJM1BE6nWRqRbonk,2025-07-05 09:21:21+00:00,2025-07-05 09:22:00+00:00,2025-07-05 09:36:00+00:00,0.0002537080802897,0.0003412654434,34.51106602924172,tp,tg:1758611100,,"{""3.0"": ""2025-07-05T09:36:00+00:00""}",{},1.0,False,True,0,ladder_tp,285540.38030833035,0.7510137876914731,0.1789477502309327,484845.77708675974,1.1858710870009816,0.3167510347779475,484845.77708675974,1.1858710870009816,0.3167510347779475,1000000000.0,253708.0802897,341265.4434,0.3451106602924172
tg_1758611100_140220,9HBLhDZc2hyuDL7avTo14FEVcjs4fQ6yA5JuYL9cbonk,2025-07-05 15:25:24+00:00,2025-07-05 15:26:00+00:00,2025-07-06 15:26:00+00:00,0.0019745159960083,1.644193230978563e-05,-39.225511409325875,timeout,tg:1758611100,,{},{},0.00832706969354758,True,True,0,time_stop,28470.279252783945,0.14695916057819575,0.047380637451151945,99420.36520983464,0.18613740793688408,0.04194846960087533,1134820.488363895,0.9194067104373405,0.0707426204316453,1000000000.0,1974515.9960083002,16441.932309785632,-0.9916729303064524
tg_1758611100_140240,GZcGneiDq6L6PsEPBjPJuDcEezc3NRNE5F47XqcZpump,2025-07-05 17:01:38+00:00,2025-07-05 17:02:00+00:00,2025-07-05 17:39:00+00:00,7.680805375017705e-05,0.0004909958736955,539.250507886184,tp,tg:1758611100,,"{""3.0"": ""2025-07-05T17:20:00+00:00"", ""7.0"": ""2025-07-05T17:39:00+00:00""}",{},1.0,False,True,0,ladder_tp,26918.15681253407,0.6024684931532054,0.1352325450861232,44257.46195285245,0.9676985757346193,0.1245093845472835,195655.13034644187,1.2930084077119064,0.14338540800132288,1000000000.0,76808.05375017706,490995.8736955,5.39250507886184
tg_1758611100_140271,1QMoP7gFmBMJhN62C9uBErawfBgExdR65mJbCBeboop,2025-07-05 20:44:01+00:00,2025-07-05 20:45:00+00:00,2025-07-06 20:45:00+00:00,0.0005483179635416,4.302219982933138e-05,-13.513350931111423,timeout,tg:1758611100,,{},{},0.07846213819341222,True,True,0,time_stop,1438.260896551309,0.027294636779056646,0.008674202552504673,1921.2376942181425,0.048888331577278725,0.003816263956303378,13528.258747759764,0.19991374709572798,0.027286807625379057,1000000000.0,548317.9635416,43022.19982933138,-0.9215378618065878
tg_1758611100_140483,G48A1YcFvPRCvZoMh6zdM2kas6pCsfbGmjQwJvBSpump,2025-07-06 16:47:03+00:00,2025-07-06 16:48:00+00:00,2025-07-07 16:48:00+00:00,0.0002775431816892,4.742946614273871e-06,-93.74020106738226,timeout,tg:1758611100,,{},{},0.017089040290620958,True,True,0,time_stop,70646.23371280609,0.15806643203588794,0.08844795086507413,259140.4080125603,0.2574037456996551,0.08846735258486174,693991.8163168961,0.7565859956735222,0.08884655384968519,1000000000.0,277543.1816892,4742.946614273871,-0.982910959709379
tg_1758611100_140532,BfWJKtrUCZjMQ7vftvxBNLrBUuqhm4QYK74wKM7xbonk,2025-07-06 22:07:14+00:00,2025-07-06 22:08:00+00:00,2025-07-07 22:08:00+00:00,4.161316725562105e-05,4.506932100142137e-06,-43.339661144583,timeout,tg:1758611100,,{},{},0.10830543304855861,True,True,0,time_stop,1172.6339342831445,0.20689029537852796,0.15536250154883416,1615.2040260008434,0.28782493124198416,0.07280265187488662,3282.2295694342793,0.30541113108822954,0.05017496212527791,1000000000.0,41613.167255621054,4506.932100142137,-0.8916945669514414
tg_1758611100_140699,5aUemPEExdpnRYwrHTsALeQgDFda63dAP5bNnSdgbonk,2025-07-07 16:09:42+00:00,2025-07-07 16:10:00+00:00,2025-07-08 16:10:00+00:00,0.0009804760029894,0.0002203908597122,67.34171007807299,timeout,tg:1758611100,,{},{},0.22477945308222158,True,True,0,time_stop,46460.06729054562,0.16827235744940877,0.06674601269748999,130976.07075723296,0.36409218216956124,0.06406197083306107,612399.6322621987,0.49656204012732325,0.06839493626587724,1000000000.0,980476.0029894001,220390.8597122,-0.7752205469177784
tg_1758611100_140805,DqRB2BZUfWFX8ZbCQvjWFor8KQTohaiTynSsYafbonk,2025-07-08 03:42:55+00:00,2025-07-08 03:43:00+00:00,2025-07-08 07:23:00+00:00,0.0004161849890193,0.0008567591304392,105.86017108835924,tp,tg:1758611100,,"{""3.0"": ""2025-07-08T07:23:00+00:00""}",{},1.0,False,True,0,ladder_tp,8901.021852918138,0.12174096091305774,0.021303296579852145,21400.846101842333,0.16420453111087785,0.024842910879091552,202032.9130195894,0.6036714492445308,0.056193287863122186,1000000000.0,416184.9890193,856759.1304392001,1.0586017108835926
tg_1758611100_140902,GUp6rv5emMKS2mSYrYSEVUDSebbNU7Ab6bUFpvuf48nc,2025-07-08 13:46:40+00:00,2025-07-08 13:47:00+00:00,2025-07-09 13:47:00+00:00,0.0011451680550843,3.814976298567638e-06,75.58720016856215,timeout,tg:1758611100,,{},{},0.003331368074432363,True,True,0,time_stop,2136.104132021755,0.09459317441641865,0.06761563095619594,7020.750146477228,0.16308482788794876,0.04060082405070725,18507.094820329803,0.3074811319002253,0.05045580396651282,1000000000.0,1145168.0550843,3814.9762985676384,-0.9966686319255676
tg_1758611100_140970,8MGPXTqSKKMYTe1dpRrBo8FEwM82oxjJL7X5Pahgbonk,2025-07-08 20:08:32+00:00,2025-07-08 20:17:00+00:00,2025-07-09 20:17:00+00:00,5.563449183559161e-05,5.198613975523084e-06,-89.33064160813818,timeout,tg:1758611100,,{},{},0.09344228380634409,True,True,0,time_stop,0.0,0.0,0.0,0.0,0.0,0.0,0.0,0.0,0.0,1000000000.0,55634.49183559161,5198.613975523084,-0.9065577161936559
tg_1758611100_141050,3xypwTgs9nWgjc6nUBiHmMb36t2PwL3SwCZkEQvW8FTX,2025-07-09 03:59:12+00:00,2025-07-09 04:00:00+00:00,2025-07-10 04:00:00+00:00,0.0030408852495175,0.0002048997028012,-66.25759727164953,timeout,tg:1758611100,,{},{},0.06738159647218243,True,True,0,time_stop,135694.50190302986,0.22775328941343342,0.05020400210917648,357566.2132549948,0.28551836205442555,0.04391072652505617,860991.8690395663,0.46085487756029675,0.037540390978502536,1000000000.0,3040885.2495175,204899.7028012,-0.9326184035278176
tg_1758611100_141066,6fs6j8pQyGgxJqsBMQE9QWZgqKbBiez87naMPp2Jbonk,2025-07-09 05:11:48+00:00,2025-07-09 05:12:00+00:00,2025-07-10 05:12:00+00:00,0.0008778591284015,1.2604848681772318e-05,-85.59415523104744,timeout,tg:1758611100,,{},{},0.014358623466984478,True,True,0,time_stop,21570.327486322967,0.2599124642814504,0.12668127777180574,42057.65975197576,0.34717295678163757,0.0736136499050537,161466.47751539957,0.40167648759178465,0.04789694392867688,1000000000.0,877859.1284014999,12604.848681772317,-0.9856413765330154
tg_1758611100_141078,92ZcT2413ZboNzdZFzq2mrqXZeu99wc5kx2fgjMgpump,2025-07-09 05:56:46+00:00,2025-07-09 05:57:00+00:00,2025-07-10 05:57:00+00:00,8.7776732122988e-05,0.0001550711914766,-60.21989634628233,timeout,tg:1758611100,,{},{},1.7666548722652677,True,True,0,time_stop,1538.4892135271007,0.10835397261586324,0.028784406221043897,7519.590374774912,0.20142170016980554,0.05005604913379797,81296.41355891744,0.8473036071485398,0.11564015942712254,1000000000.0,87776.732122988,155071.19147659998,0.7666548722652676
tg_1758611100_141126,FjCTpAv1fvQxryWNVkQP1N2XeqkbPwWxgxEftbWPbonk,2025-07-09 10:49:25+00:00,2025-07-09 10:50:00+00:00,2025-07-10 10:50:00+00:00,0.0002287843280209,5.027691544943532e-06,-90.51937829142562,timeout,tg:1758611100,,{},{},0.021975681588138504,True,True,0,time_stop,174561.50419186187,0.7250879867184157,0.2261568775633662,398106.4807532949,0.9067840761109079,0.2413519682173127,398106.4807532949,0.9067840761109079,0.2413519682173127,1000000000.0,228784.3280209,5027.691544943532,-0.9780243184118615
tg_1758611100_141146,BJssriYGNkMqLW2MUXxztWYbY3UBF87ZYKq3KDstaxX,2025-07-09 12:18:31+00:00,2025-07-09 12:19:00+00:00,2025-07-09 12:48:00+00:00,0.0001867610949146,0.0005685613162016,204.43241750193494,tp,tg:1758611100,,"{""3.0"": ""2025-07-09T12:48:00+00:00""}",{},1.0,False,True,0,ladder_tp,13142.535601128055,0.4972273702870491,0.3836202173353526,15791.405834761821,0.5031201908137398,0.26422163654575526,27302.62216444713,0.6609619382442355,1.7486914336677872,1000000000.0,186761.0949146,568561.3162016,2.0443241750193493
tg_1758611100_141174,Dj2xFMCzDBW1R9zr8eQFApBRxEvR2mF9B85NDceqckw9,2025-07-09 14:00:20+00:00,2025-07-09 14:01:00+00:00,2025-07-10 14:01:00+00:00,4.119240843189123e-05,1.965747272507669e-06,-96.73450710761752,timeout,tg:1758611100,,{},{},0.04772110559541316,True,True,0,time_stop,4848.976817881177,0.9866592206811617,0.0,4848.976817881177,0.9866592206811617,0.0,4848.976817881177,0.9866592206811617,0.0,1000000000.0,41192.40843189123,1965.7472725076689,-0.9522788944045869
tg_1758611100_141223,8TpHSgXoNdqZnzyHXv5mp7K4kdDgXvuStehkCmTabonk,2025-07-09 19:11:28+00:00,2025-07-09 19:12:00+00:00,2025-07-10 18:52:00+00:00,0.0003272019138213,0.0010810349402858,230.38771921004195,tp,tg:1758611100,,"{""3.0"": ""2025-07-10T18:52:00+00:00""}",{},1.0,False,True,0,ladder_tp,30975.2713680261,0.23198302578405866,0.0991027938232591,164559.64292442898,0.6788007394272201,0.14867314040278246,353977.60108271247,1.2680125014162245,0.1502155931309227,1000000000.0,327201.91382129997,1081034.9402858,2.3038771921004195
tg_1758611100_141234,cDkTvtXwJLqAS5NqpiwoTT2cbe6GkPBfBwkb5kppump,2025-07-09 20:26:14+00:00,2025-07-09 20:27:00+00:00,2025-07-10 01:40:00+00:00,0.0001773370463464,0.002447616927244,1280.2062105302946,tp,tg:1758611100,,"{""3.0"": ""2025-07-09T21:52:00+00:00"", ""7.0"": ""2025-07-10T00:28:00+00:00"", ""15.0"": ""2025-07-10T01:40:00+00:00""}",{},1.0,False,True,0,ladder_tp,33550.41135143189,0.2600388686655045,0.09311880147067289,199528.92429006536,0.3928246883607857,0.12004454196142257,231788.86005379894,0.6296677238653527,0.1191763684157685,1000000000.0,177337.04634640002,2447616.927244,12.802062105302948
tg_1758611100_141320,GH2rnaLDnkqGAuDyCDAASAVQWUU29rQRzv3LpV1kbonk,2025-07-10 05:06:07+00:00,2025-07-10 05:07:00+00:00,2025-07-11 01:44:00+00:00,0.0004325417161846,0.0012040474805208,178.3656316763068,tp,tg:1758611100,,"{""3.0"": ""2025-07-11T01:44:00+00:00""}",{},1.0,False,True,0,ladder_tp,65472.75383128712,0.3178904514653042,0.06271359062579952,155843.80748268243,0.5000002237791094,0.085176413834258,593991.8785998274,0.8842442576356292,0.12251874936523446,1000000000.0,432541.7161846,1204047.4805208,1.783656316763068
tg_1758611100_141386,CmJWm7B9JrqA5145bCqXMzVDbGfdhaJfVCt474Sebonk,2025-07-10 09:41:04+00:00,2025-07-29 17:30:00+00:00,2025-07-30 17:30:00+00:00,0.0003454797985875,0.0001866775317566,-10.184400612121081,timeout,tg:1758611100,,{},{},0.5403428290737526,True,True,0,time_stop,0.0,0.0,0.0,0.0,0.0,0.0,0.0,0.0,0.0,1000000000.0,345479.7985875,186677.5317566,-0.4596571709262474
tg_1758611100_141410,5quRextWKqwVVAZkVSbWcW4VsJpTefAamsCgC6TPbonk,2025-07-10 11:25:30+00:00,2025-07-10 11:29:00+00:00,2025-07-11 11:29:00+00:00,6.215713210538451e-05,3.855992020557222e-06,-88.79914940240626,timeout,tg:1758611100,,{},{},0.062036195846674,True,True,0,time_stop,0.0,0.0,0.0,0.0,0.0,0.0,0.0,0.0,0.0,1000000000.0,62157.13210538452,3855.9920205572216,-0.937963804153326
tg_1758611100_141445,5HKCLW2Hr3gqvQNfW1tik5q84X1kkF4iSqTsXNTrzvtT,2025-07-10 14:03:38+00:00,2025-07-10 15:00:00+00:00,2025-07-11 15:00:00+00:00,0.0002224966300237,5.464150004391523e-06,-94.49744966727147,timeout,tg:1758611100,,{},{},0.024558349507628453,True,True,0,time_stop,0.0,0.0,0.0,0.0,0.0,0.0,0.0,0.0,0.0,1000000000.0,222496.63002369998,5464.150004391523,-0.9754416504923715
tg_1758611100_141493,8eVgWdy5gkoZNeSqRLTjzffGHq8aZQvFxBqbvTXDbonk,2025-07-10 17:42:49+00:00,2025-07-10 17:43:00+00:00,2025-07-10 18:08:00+00:00,0.0003081950295126,0.0008779904477307,184.8814431300895,tp,tg:1758611100,,"{""3.0"": ""2025-07-10T18:08:00+00:00""}",{},1.0,False,True,0,ladder_tp,119313.8854811445,0.42553394336860423,0.2848481460343688,457876.30695276934,0.7365435151734644,0.28742057286250716,1067039.3715585847,0.9807497906558407,0.3836374906180293,1000000000.0,308195.0295126,877990.4477307,1.8488144313008947
tg_1758611100_141497,J7gaM1P2fVpivP9sRpyno8j6SGwUSffTADnWFQvqpump,2025-07-10 18:09:32+00:00,2025-07-10 18:10:00+00:00,2025-07-11 18:10:00+00:00,0.0002105716587692,9.437373472188996e-06,-30.45522774234811,timeout,tg:1758611100,,{},{},0.044817871157737145,True,True,0,time_stop,107346.32227699913,0.26074205871208556,0.09895888416667388,341727.396753701,0.8167270984000076,0.16956943988655077,457527.2413403998,1.1502932043326333,0.22188627366834932,1000000000.0,210571.6587692,9437.373472188996,-0.9551821288422628
tg_1758611100_141553,5HaQwBuX996CoBZzg2VspBT4sLU8Gx4kzuukGMrBbonk,2025-07-10 22:35:23+00:00,2025-07-10 22:36:00+00:00,2025-07-11 22:36:00+00:00,0.0001491668319588,3.428376443069907e-06,-80.6244832119333,timeout,tg:1758611100,,{},{},0.022983503759179034,True,True,0,time_stop,570.2194294198298,0.08195750954392227,0.07559399131670569,15160.723162565819,0.5164038395553994,0.19022435109834915,58945.52223313663,1.234191056206034,0.10709570560504428,1000000000.0,149166.8319588,3428.376443069907,-0.9770164962408211
tg_1758611100_141787,FjoHttjKHeuycYZA38xCBeYLyLxuf1tTY72RLackpump,2025-07-11 18:53:50+00:00,2025-07-11 18:54:00+00:00,2025-07-12 18:54:00+00:00,8.451597512067145e-05,2.7239380544585296e-05,-89.09201846081845,timeout,tg:1758611100,,{},{},0.32229860101233,True,True,0,time_stop,6192.514450134838,0.1365934989069995,0.07011358590727983,19835.351529624364,0.6846950752465166,0.0660391438411838,35094.46514211494,0.7195575472335356,0.04219987688165385,1000000000.0,84515.97512067146,27239.380544585296,-0.6777013989876701
tg_1758611100_141798,DLehJ1mGvhq3GCwr3zZMzPxNwutK7bY1DsW9xPbpump,2025-07-11 19:39:05+00:00,2025-07-11 19:40:00+00:00,2025-07-11 20:48:00+00:00,0.0002588052153081,0.0006088021117094,135.2356427534271,tp,tg:1758611100,,"{""3.0"": ""2025-07-11T20:48:00+00:00""}",{},1.0,False,True,0,ladder_tp,51137.88465709664,0.45344676885778,0.15535045074547107,66629.41586817936,0.6543382907878816,0.19707266561264083,66629.41586817936,0.6543382907878816,0.19707266561264083,1000000000.0,258805.21530809999,608802.1117094,1.3523564275342712
tg_1758611100_141804,FGftaHdkbPYoRTPmjd6FQoTwYCxdXrgxezLdtixCpump,2025-07-11 19:54:20+00:00,2025-07-11 19:55:00+00:00,2025-07-12 19:55:00+00:00,0.0002270589989819,9.61117265515449e-06,-88.07650402876567,timeout,tg:1758611100,,{},{},0.04232896603195473,True,True,0,time_stop,79819.79976630572,0.16066188060755077,0.1028657090802278,209215.11295389017,0.4121457442797053,0.06841852059029527,415329.74697721103,0.8200243772626161,0.10860167352936248,1000000000.0,227058.9989819,9611.172655154489,-0.9576710339680453
tg_1758611100_141818,CZQnHH2FHrDyaoh8jRkUmYKhFxXg2dFmWUFELbavbonk,2025-07-11 21:17:03+00:00,2025-07-11 21:18:00+00:00,2025-07-12 01:01:00+00:00,0.0001897665299235,0.0012896765612268,579.6122381258189,tp,tg:1758611100,,"{""3.0"": ""2025-07-11T22:23:00+00:00"", ""7.0"": ""2025-07-12T01:01:00+00:00""}",{},1.0,False,True,0,ladder_tp,296.5685965287997,0.22680343276051082,0.19685107992272668,330.14937957193933,0.22680343276051082,0.13924101484080287,330.14937957193933,0.22680343276051082,0.13924101484080287,1000000000.0,189766.5299235,1289676.5612268,5.796122381258188
tg_1758611100_141894,BWLCBrca2iY21gwX4UCjbR9YAjZHxvhzUU1pTCDrbonk,2025-07-12 06:31:46+00:00,2025-07-12 06:32:00+00:00,2025-07-12 07:12:00+00:00,7.748647394452598e-05,0.0002014535808044,159.9854794639699,tp,tg:1758611100,,"{""3.0"": ""2025-07-12T07:12:00+00:00""}",{},1.0,False,True,0,ladder_tp,11260.87799551243,0.2514317529273105,0.10901208416441234,44665.99371667493,0.5677219059057889,0.1504903986915016,172359.2676144172,0.9352827046900639,0.19366547874665258,1000000000.0,77486.47394452598,201453.5808044,1.5998547946396995
tg_1758611100_141983,8gej9zsTFxnQF1MRHxpq1swfp9AifxTtuSppbwjubonk,2025-07-12 15:56:40+00:00,2025-07-12 15:57:00+00:00,2025-07-12 17:40:00+00:00,0.0001136100238435,0.0002517644104141,121.60404680568529,tp,tg:1758611100,,"{""3.0"": ""2025-07-12T17:40:00+00:00""}",{},1.0,False,True,0,ladder_tp,29886.23349847419,0.5681854100034269,0.10817116183972392,61365.68786790268,0.9261731671777618,0.13231171914358494,116097.5325992299,0.96964799897975,0.16614927009445354,1000000000.0,113610.0238435,251764.41041409998,1.216040468056853
tg_1758611100_142021,GTLjYQ14NtB4X2ayUnGJRtBFWYDn8X7VgiFBzN7FGwnB,2025-07-12 19:37:41+00:00,2025-07-12 19:38:00+00:00,2025-07-13 19:38:00+00:00,0.0017145108972761,2.035874919599581e-05,-64.24499727736169,timeout,tg:1758611100,,{},{},0.011874377251460125,True,True,0,time_stop,21701.081827821898,0.15694913565688826,0.03199637875974144,82788.41473503264,0.2657241873718073,0.026128164162573457,237307.48753960215,0.45985781564398726,0.03653877674952584,1000000000.0,1714510.8972761,20358.74919599581,-0.9881256227485399
tg_1758611100_142055,5nDSCvBxXY7hEsAbpjJr51WaLDDKgmFjNWAc6wD2pump,2025-07-12 23:09:14+00:00,2025-07-12 23:10:00+00:00,2025-07-13 17:51:00+00:00,0.0001423529812358,0.0023322893131128,1538.3845936106454,tp,tg:1758611100,,"{""3.0"": ""2025-07-13T01:33:00+00:00"", ""7.0"": ""2025-07-13T10:13:00+00:00"", ""15.0"": ""2025-07-13T17:51:00+00:00""}",{},1.0,False,True,0,ladder_tp,38058.55896816977,0.1807710796627025,0.04090788816656005,88661.98373258936,0.4816940590126256,0.08785580306187454,216077.29076859332,0.8622544479280831,0.12570709293083102,1000000000.0,142352.9812358,2332289.3131128,15.383845936106455
tg_1758611100_142074,7nFYpHyhDgzg3ioU2JFko5kaVwm6bjkL4MtbUiVAiYbJ,2025-07-13 01:49:51+00:00,2025-07-13 01:50:00+00:00,2025-07-13 18:09:00+00:00,0.0074770607394047,0.024783375786186,231.45879978713637,tp,tg:1758611100,,"{""3.0"": ""2025-07-13T18:09:00+00:00""}",{},1.0,False,True,0,ladder_tp,193.10742297679474,0.01976201890488645,0.0,614.32941548936,0.021300575790558558,0.007559586179244289,5454.906841188786,0.02349917331393634,0.006956233541469791,1000000000.0,7477060.7394047,24783375.786186002,2.3145879978713637
tg_1758611100_142182,FRsWUe7PUjWgxitDxFhURsHZuemsZwXtqT5R6QvRbonk,2025-07-13 14:23:02+00:00,2025-07-14 15:50:00+00:00,2025-07-15 15:50:00+00:00,0.0009747752928643,0.0003213719529435,-30.80629500323252,timeout,tg:1758611100,,{},{},0.3296882423016427,True,True,0,time_stop,0.0,0.0,0.0,0.0,0.0,0.0,0.0,0.0,0.0,1000000000.0,974775.2928643,321371.9529435,-0.6703117576983574
tg_1758611100_142277,Ey2zpSAJ5gVLfYDD5WjccbksJD3E9jPFMPaJ8wxvpump,2025-07-13 21:29:04+00:00,2025-07-13 21:30:00+00:00,2025-07-14 09:08:00+00:00,0.0004043476078759,0.0011662303185823,188.42270755815437,tp,tg:1758611100,,"{""3.0"": ""2025-07-14T09:08:00+00:00""}",{},1.0,False,True,0,ladder_tp,97433.65237029835,0.17524949071999568,0.04063646968774398,306253.64208360476,0.25342917225802053,0.04523006929200093,789489.0535572852,0.8481680093700783,0.13094330793643089,1000000000.0,404347.6078759,1166230.3185822999,1.8842270755815438
tg_1758611100_142410,9tqjeRS1swj36Ee5C1iGiwAxjQJNGAVCzaTLwFY8bonk,2025-07-14 10:47:13+00:00,2025-07-14 10:48:00+00:00,2025-07-14 20:43:00+00:00,0.0010061277462965,0.0146874041977206,1359.795165353914,tp,tg:1758611100,,"{""3.0"": ""2025-07-14T17:28:00+00:00"", ""7.0"": ""2025-07-14T18:11:00+00:00"", ""15.0"": ""2025-07-14T20:43:00+00:00""}",{},1.0,False,True,0,ladder_tp,693271.1674322339,0.7274898615563071,0.17992680075422363,1642530.3022546861,0.9671658379606016,1.8307218685385158,1642530.3022546861,0.9671658379606016,1.8307218685385158,1000000000.0,1006127.7462965,14687404.1977206,13.59795165353914
tg_1758611100_142535,pumpCmXqMfrsAkQ5r49WcJnRayYRqmXz6ae8H7H9Dfn,2025-07-14 19:10:31+00:00,2025-08-12 16:26:00+00:00,2025-08-13 16:26:00+00:00,0.0037807960506117,0.0038679243121061,3.384505243719693,timeout,tg:1758611100,,{},{},1.0230449514673778,True,True,0,time_stop,0.0,0.0,0.0,0.0,0.0,0.0,0.0,0.0,0.0,1000000000.0,3780796.0506117,3867924.3121061,0.02304495146737772
tg_1758611100_142537,2rVgh6tcU1Hhk58XwD631E2D6iqLV28prSdpBXaLbonk,2025-07-14 19:13:35+00:00,2025-07-14 19:14:00+00:00,2025-07-14 19:14:00+00:00,0.0008421008894975,0.0008421008894975,0.0,tp,tg:1758611100,,"{""3.0"": ""2025-07-14T19:14:00+00:00"", ""7.0"": ""2025-07-14T19:14:00+00:00""}",{},1.0,False,True,0,ladder_tp,613530.8567570061,12.724721035492044,5.737646985899886,3300619.119966974,12.958034663528105,3.084911876280876,3300619.119966974,12.958034663528105,3.084911876280876,1000000000.0,842100.8894975,842100.8894975,0.0
tg_1758611100_142559,777Z92HqqGEav312yx8CfakajosBRFFUMbemyLaqbonk,2025-07-14 20:38:56+00:00,2025-07-14 20:39:00+00:00,2025-07-14 21:03:00+00:00,0.0002457653565175,0.0008119213126062,230.3644273184558,tp,tg:1758611100,,"{""3.0"": ""2025-07-14T21:03:00+00:00""}",{},1.0,False,True,0,ladder_tp,209728.68588475743,0.6385422388898905,0.21212647866165035,209728.68588475743,0.6385422388898905,0.21212647866165035,209728.68588475743,0.6385422388898905,0.21212647866165035,1000000000.0,245765.35651749998,811921.3126062,2.303644273184558
tg_1758611100_142578,dTzEP9JU2NRDPuWtM32gaVKip2fTHBqjheU1APBpump,2025-07-14 21:45:24+00:00,2025-07-14 21:46:00+00:00,2025-07-15 21:46:00+00:00,0.0006137892290681,6.480186770066324e-05,-38.509837454605254,timeout,tg:1758611100,,{},{},0.1055767430116853,True,True,0,time_stop,47148.51064168432,0.29892339060310125,0.0967379555820373,133175.12095348447,0.3273862569219262,0.0806105992407306,348017.07129645185,0.5634979664182505,0.05092953433675808,1000000000.0,613789.2290681,64801.867700663235,-0.8944232569883146
tg_1758611100_142597,G9h69DZAr6zEvrb9Y9DqBx88gC6yE5vapiefk8egpump,2025-07-14 23:00:56+00:00,2025-07-14 23:01:00+00:00,2025-07-15 23:01:00+00:00,0.0001013430893276,6.350721001208456e-06,-94.50620380806976,timeout,tg:1758611100,,{},{},0.06266555562243835,True,True,0,time_stop,79689.27854985723,0.9793170887305802,0.38284580600411433,79689.27854985723,0.9793170887305802,0.38284580600411433,79689.27854985723,0.9793170887305802,0.38284580600411433,1000000000.0,101343.0893276,6350.721001208456,-0.9373344443775616
tg_1758611100_142607,CjoGpiBeaX9xQPhNfUcU617GqZK8tehVED9sJYe3Vray,2025-07-14 23:40:32+00:00,2025-07-14 23:41:00+00:00,2025-07-15 23:41:00+00:00,6.711505793192149e-05,3.834644900179256e-06,-94.9919890113736,timeout,tg:1758611100,,{},{},0.05713538836648176,True,True,0,time_stop,45664.41523973463,1.0681454514541036,0.27855636826841107,45664.41523973463,1.0681454514541036,0.27855636826841107,45664.41523973463,1.0681454514541036,0.27855636826841107,1000000000.0,67115.05793192149,3834.644900179256,-0.9428646116335182
tg_1758611100_142729,4bFjaiJuNiZqhpzQT9qHugJtQ48d8uwJud4e69gmbonk,2025-07-15 12:24:59+00:00,2025-07-15 12:25:00+00:00,2025-07-16 12:25:00+00:00,3.870357744742713e-05,5.279721781595326e-06,-80.87093260388943,timeout,tg:1758611100,,{},{},0.1364143092138451,True,True,0,time_stop,357.0642635021863,0.09495856306266184,0.0309602410176143,1327.3636341061926,0.1351770462081402,0.03998633591659696,8811.619531624367,0.4449866592545038,0.05538293235849481,1000000000.0,38703.57744742713,5279.721781595325,-0.8635856907861549
tg_1758611100_142764,Eb7Wq4Ad3icPUtbNCFAmmGQcmjvNAswjPabki1qgpump,2025-07-15 15:01:53+00:00,2025-07-15 15:02:00+00:00,2025-07-16 15:02:00+00:00,0.0006532012379627,6.438123485158433e-06,-98.81188117025684,timeout,tg:1758611100,,{},{},0.009856263446833933,True,True,0,time_stop,246445.97568507062,0.18103980090535704,0.08301479448736283,1161518.5895766178,0.18103980090535704,0.05159865171537239,3089117.513800006,1.0972731831762237,0.08805612028063692,1000000000.0,653201.2379627,6438.123485158433,-0.9901437365531661
tg_1758611100_142771,GXyAcL6QPrmdZXGga9cVuSqhmmDSXgapW6F6hzoVbonk,2025-07-15 15:25:26+00:00,2025-07-15 15:26:00+00:00,2025-07-16 15:26:00+00:00,4.974438294284259e-05,4.649961847722612e-06,-88.69635654221071,timeout,tg:1758611100,,{},{},0.09347712390091405,True,True,0,time_stop,9322.812663649875,0.4351429769553365,0.16426325685385154,14250.179314222565,0.5844358032539149,0.16359011882532587,27915.574414931303,0.608260377907902,0.10345460044873026,1000000000.0,49744.38294284259,4649.961847722612,-0.906522876099086
tg_1758611100_142775,7xtmqMaVifpUEhvYzTPgJcU6N4eoCrDVcNEKPEi2pump,2025-07-15 15:45:26+00:00,2025-07-15 15:46:00+00:00,2025-07-16 15:46:00+00:00,0.0001066545845717,6.725738629660272e-06,-30.965998511872208,timeout,tg:1758611100,,{},{},0.0630609425433447,True,True,0,time_stop,9380.50469040447,0.452533858891021,0.08402281547129116,10253.08698535604,0.48657049354829895,0.05105522871459019,15517.723309968824,0.6879069914288027,0.03425912264409364,1000000000.0,106654.5845717,6725.738629660272,-0.9369390574566553
tg_1758611100_142905,HD3JBABeFkdZwUgKwhwJYqjLNrPWXEaDVfH4uMqRpump,2025-07-16 04:38:12+00:00,2025-07-16 04:39:00+00:00,2025-07-17 04:39:00+00:00,0.0033994562239346,0.0006284788067368,24.074905153826286,timeout,tg:1758611100,,{},{},0.18487627589137942,True,True,0,time_stop,237856.03538113105,0.34263004011232356,0.12989889558162893,490639.50088873156,0.5561754711009552,0.08486404217674914,2978162.6149377413,0.9051744096774105,0.10480056203606856,1000000000.0,3399456.2239346,628478.8067368,-0.8151237241086207
tg_1758611100_142911,DFCYkvCjoJdse64BkbJRE8AdCWZsAz7K4vaGdGRCpump,2025-07-16 04:57:09+00:00,2025-07-16 04:58:00+00:00,2025-07-17 04:58:00+00:00,0.0001446678313257,5.516479706384257e-06,-83.82806510321713,timeout,tg:1758611100,,{},{},0.03813204121353455,True,True,0,time_stop,29400.744423172986,0.41597099820082495,0.08534589155233599,70945.0203993923,0.7761522256506853,0.13182531528917413,351351.05143304466,1.0193172743650964,0.13758255410322665,1000000000.0,144667.8313257,5516.479706384257,-0.9618679587864654
tg_1758611100_142931,CuWokSWLxxQKVxTx51qA9d9QyAggUfKj6Ji6kkGmbonk,2025-07-16 06:29:51+00:00,2025-07-16 06:30:00+00:00,2025-07-16 06:43:00+00:00,7.24580143390686e-05,0.0002449652713349,238.07891862531662,tp,tg:1758611100,,"{""3.0"": ""2025-07-16T06:43:00+00:00""}",{},1.0,False,True,0,ladder_tp,0.0,0.0,0.0,0.0,0.0,0.0,0.0,0.0,0.0,1000000000.0,72458.0143390686,244965.2713349,2.3807891862531663
tg_1758611100_142981,5GasK5s5TiCEPHGscEL4dYST65pxMXPeZMjpZuVTbonk,2025-07-16 10:45:41+00:00,2025-07-16 10:46:00+00:00,2025-07-17 10:46:00+00:00,0.0001666513786871,3.876936506941354e-06,-96.3788726914849,timeout,tg:1758611100,,{},{},0.023263752976329,True,True,0,time_stop,47717.33361861315,0.4054087997510806,0.05598463475021563,137400.58838528115,0.6173228546999322,0.09904989092203695,220573.81677315896,0.9959733232598975,0.16036615277766855,1000000000.0,166651.3786871,3876.936506941354,-0.9767362470236709
tg_1758611100_143023,CffTf8NJJ6NNthsGrBDBQ9cZJ21DBenFQXwFs9Mtbonk,2025-07-16 14:00:05+00:00,2025-07-16 14:01:00+00:00,2025-07-17 03:25:00+00:00,0.0002521416688704,0.0007532634085992,198.74610252793045,tp,tg:1758611100,,"{""3.0"": ""2025-07-17T03:25:00+00:00""}",{},1.0,False,True,0,ladder_tp,14772.15448552725,0.22959350751761423,0.10540158198535039,24024.384679708393,0.2697840014415229,0.08194408423304393,81886.98239018834,0.7345041752979423,0.08187904790423767,1000000000.0,252141.66887039997,753263.4085992001,1.987461025279305
tg_1758611100_143074,jZGmEwwaW94iiU32wa6RADgVEhdpQpa6MtGERfJpump,2025-07-16 19:01:35+00:00,2025-07-16 19:02:00+00:00,2025-07-17 04:18:00+00:00,0.0005763992310566,0.001541306448654,167.40258584811508,tp,tg:1758611100,,"{""3.0"": ""2025-07-17T04:18:00+00:00""}",{},1.0,False,True,0,ladder_tp,85637.82201299733,0.44921432294394326,0.34170794859267983,92630.50482375629,0.45668011168590883,0.1888688130777095,574795.2905001657,0.8403892543601548,0.1482316893249926,1000000000.0,576399.2310566,1541306.448654,1.6740258584811507
tg_1758611100_143205,FT8X8hqoEwNT8UifNL3ppPbpccf7mnuNLpJsszv7AFHW,2025-07-17 06:13:43+00:00,2025-07-17 06:14:00+00:00,2025-07-18 05:18:00+00:00,0.0002604279682771,0.0037764293607571,1350.0859434340446,tp,tg:1758611100,,"{""3.0"": ""2025-07-17T14:46:00+00:00"", ""7.0"": ""2025-07-18T02:19:00+00:00"", ""15.0"": ""2025-07-18T05:18:00+00:00""}",{},1.0,False,True,0,ladder_tp,1358.600606685525,0.07716346941975907,0.017564660058554886,5934.055828701792,0.110949506869999,0.03380403251385217,24996.11523736873,0.18482896867007725,0.025927588397156476,1000000000.0,260427.96827710004,3776429.3607571,13.500859434340445
tg_1758611100_143232,9GtvcnDUvGsuibktxiMjLQ2yyBq5akUahuBs8yANbonk,2025-07-17 07:56:04+00:00,2025-07-17 08:15:00+00:00,2025-07-17 08:17:00+00:00,0.0226152130501699,0.0226184641845089,0.014375873142502549,timeout,tg:1758611100,,{},{},1.000143758731425,True,True,0,time_stop,0.0,0.0,0.0,0.0,0.0,0.0,9158.708140251756,0.10101524981992324,0.04802759527838619,1000000000.0,22615213.0501699,22618464.184508897,0.00014375873142494583
tg_1758611100_143245,9QyLyjvypx53YJnicSGY7LeTxypHPVbMZnuyATNibonk,2025-07-17 08:39:17+00:00,2025-07-17 08:40:00+00:00,2025-07-18 08:40:00+00:00,9.87338869731782e-05,3.878662454841587e-06,-93.30892653965903,timeout,tg:1758611100,,{},{},0.039284004446166025,True,True,0,time_stop,16550.42515088812,0.24994894402084822,0.08258450088482577,75163.2637670327,0.4979209522203836,0.12409473685527163,75163.2637670327,0.4979209522203836,0.12409473685527163,1000000000.0,98733.8869731782,3878.6624548415866,-0.960715995553834
tg_1758611100_143333,HRcgvea3PdKqPY2XzEjjYkQgKbcsCQvMBkZQkecbonk,2025-07-17 16:13:43+00:00,2025-07-17 16:14:00+00:00,2025-07-18 16:14:00+00:00,0.0001814095642056,3.7219096834813743e-06,-97.77957870386635,timeout,tg:1758611100,,{},{},0.02051661222923814,True,True,0,time_stop,23550.242834257515,0.22849746958115685,0.0679865588121647,162579.1521738569,0.7377374506774443,0.17650237211550843,162579.1521738569,0.7377374506774443,0.17650237211550843,1000000000.0,181409.56420559998,3721.9096834813745,-0.9794833877707618
tg_1758611100_143374,BgCz2hYh4nnziGacRLv3pfzwAL9Wt3bVc1jmUJGxpump,2025-07-17 19:55:39+00:00,2025-07-17 19:56:00+00:00,2025-07-18 19:56:00+00:00,0.0005049195621242,6.539363032058287e-06,-95.81962802852001,timeout,tg:1758611100,,{},{},0.012951296647226626,True,True,0,time_stop,492585.56598201464,0.4322851186890838,0.07775791270580125,685572.3930477179,0.6534532456889462,0.07461854709050533,724209.9275769595,0.9723244998561974,0.16005420563871353,1000000000.0,504919.5621242,6539.363032058287,-0.9870487033527734
tg_1758611100_143536,8vUMf7qEThPQVctatG2c66rycPBo5KbjxLQYc8Mobonk,2025-07-18 11:15:44+00:00,2025-07-18 11:16:00+00:00,2025-07-18 13:45:00+00:00,8.543508979903855e-05,0.0005030299788864,488.7861534056243,tp,tg:1758611100,,"{""3.0"": ""2025-07-18T11:45:00+00:00"", ""7.0"": ""2025-07-18T13:45:00+00:00""}",{},1.0,False,True,0,ladder_tp,9666.410262044777,0.19407207938712484,0.14933903015986807,35215.455155449185,0.4017749041619514,0.1420197277588222,140119.73766177436,0.7758146909675537,0.1191997650791022,1000000000.0,85435.08979903856,503029.9788864,4.887861534056243
tg_1758611100_143578,49rvGwnQVp2DcmgvaPgPK8JBXRZcSfjMkzapq7Cqpump,2025-07-18 14:28:46+00:00,2025-07-18 14:29:00+00:00,2025-07-19 14:29:00+00:00,8.583544423593796e-05,3.510029044917092e-06,-95.7276811270689,timeout,tg:1758611100,,{},{},0.04089253659908826,True,True,0,time_stop,1677.5859281925816,0.12203233281078561,0.07878067605625123,2989.02260515427,0.14763499256961013,0.04443883871883492,31618.598204770235,1.0704696599403087,0.042956122903323006,1000000000.0,85835.44423593796,3510.029044917092,-0.9591074634009118
tg_1758611100_143656,J2bUGZDxRDpsVfjZqKwn6yYCUKFmqzHgt8UajhGtpump,2025-07-18 21:46:20+00:00,2025-07-18 21:47:00+00:00,2025-07-19 21:47:00+00:00,0.0007529440901077,0.0004599426004776,-17.536768248757085,timeout,tg:1758611100,,{},{},0.6108589024343235,True,True,0,time_stop,111.1152104333733,0.0038413957248621985,0.0,111.1152104333733,0.0038413957248621985,0.0,190.35647551059947,0.021086336264793535,0.0,1000000000.0,752944.0901077,459942.6004776,-0.38914109756567644
tg_1758611100_143751,4SngaZ3N9ELjCqh6P3MeA3r4Hi2Dx1MDn2H4ijcDbonk,2025-07-19 10:04:18+00:00,2025-07-19 10:05:00+00:00,2025-07-19 23:18:00+00:00,0.0001863353902556,0.0013558493359229,627.6391962165932,tp,tg:1758611100,,"{""3.0"": ""2025-07-19T13:24:00+00:00"", ""7.0"": ""2025-07-19T23:18:00+00:00""}",{},1.0,False,True,0,ladder_tp,57528.898131545495,0.29099260702554836,0.05197022251331811,150411.67773540757,0.6043882698598682,0.10423534876931341,310573.3296449876,0.7584924258863843,0.12243600140790775,1000000000.0,186335.3902556,1355849.3359229001,6.276391962165933
tg_1758611100_143802,12XvRbmvA3AY8La3brnQGcMR5HBp7Cn3Fxc5kKiQ86FY,2025-07-19 15:21:48+00:00,2025-07-19 15:22:00+00:00,2025-07-20 15:22:00+00:00,0.0006462026812342,4.116929588326856e-05,-94.87448864033801,timeout,tg:1758611100,,{},{},0.06370957143761491,True,True,0,time_stop,123429.09106792534,0.22349047230285093,0.04654961167583841,397912.2649183127,0.6841237068431139,0.14014671412866614,1096841.6202861485,1.1026601541923298,0.14428813700681456,1000000000.0,646202.6812342,41169.29588326856,-0.9362904285623851
tg_1758611100_143807,4CPgAsxg7mEfGCobyk7NnCbwvG1sweGsM36V3zukpump,2025-07-19 15:39:05+00:00,2025-07-19 16:14:00+00:00,2025-07-20 16:14:00+00:00,8.974065131247863e-05,5.014875772458926e-06,-62.40266117882685,timeout,tg:1758611100,,{},{},0.05588187403495696,True,True,0,time_stop,0.0,0.0,0.0,0.0,0.0,0.0,0.0,0.0,0.0,1000000000.0,89740.65131247863,5014.875772458926,-0.9441181259650431
tg_1758611100_143821,8fRWphActZHjcWeUah29krWie1Bf8L1X5RjycMWykMhh,2025-07-19 16:47:13+00:00,2025-07-19 16:55:00+00:00,2025-07-20 16:55:00+00:00,6.101076151753696e-05,4.283939752642281e-06,-93.0539484059707,timeout,tg:1758611100,,{},{},0.07021613312285742,True,True,0,time_stop,0.0,0.0,0.0,0.0,0.0,0.0,0.0,0.0,0.0,1000000000.0,61010.76151753696,4283.939752642282,-0.9297838668771425
tg_1758611100_144043,2H5gDNyUAW11MAAyVJmTT4mKEvXzJ4odMHhRZXZDbonk,2025-07-20 16:51:57+00:00,2025-07-20 16:52:00+00:00,2025-07-21 16:52:00+00:00,0.0001469801228711,4.260840738662355e-06,-92.155085184451,timeout,tg:1758611100,,{},{},0.028989231029552667,True,True,0,time_stop,29093.69773305703,0.4183349950110151,0.16358562209330396,62819.91918214013,0.5481194115179199,0.12035193445445998,196012.6684443627,0.9115526522082895,0.13204410412019438,1000000000.0,146980.1228711,4260.840738662356,-0.9710107689704475
tg_1758611100_144079,5bXVGNnGhCFAK9KPh1S9whFkhVxZy1mREWFbqB499xUP,2025-07-20 21:32:21+00:00,2025-07-20 21:33:00+00:00,2025-07-21 21:33:00+00:00,0.0005963335686406,8.543990815697903e-06,-97.18851392715473,timeout,tg:1758611100,,{},{},0.014327536239783977,True,True,0,time_stop,56441.43614225168,0.15567049190743784,0.07052897319925053,171264.6467244986,0.23054212647394484,0.05513438989296144,1062303.2936894388,0.7054991807118214,0.09757975680684516,1000000000.0,596333.5686406,8543.990815697904,-0.985672463760216
tg_1758611100_144091,GKkZ6bSRmyUVMD2ur9kqxEokHSrDLkZ7oqXUstJDpump,2025-07-20 22:58:39+00:00,2025-07-20 22:59:00+00:00,2025-07-21 22:59:00+00:00,0.0001335432318613,5.031097764016471e-06,-60.37386071381561,timeout,tg:1758611100,,{},{},0.0376739254688837,True,True,0,time_stop,10564.34660646016,0.5281107946177981,0.0868881773086991,18929.809414280462,0.6554818105581487,0.11351343074518355,121753.96639600894,0.7466184027225573,0.11307688359860807,1000000000.0,133543.2318613,5031.097764016471,-0.9623260745311163
tg_1758611100_144197,96U2q6WRoRCVyX73AcZZdWfYutxdZuxB2GsxioK3bonk,2025-07-21 11:13:55+00:00,2025-07-21 11:57:00+00:00,2025-07-22 11:57:00+00:00,6.531891151179683e-05,3.2984878181204467e-06,-93.61950785946169,timeout,tg:1758611100,,{},{},0.05049820552390448,True,True,0,time_stop,0.0,0.0,0.0,0.0,0.0,0.0,0.0,0.0,0.0,1000000000.0,65318.911511796825,3298.4878181204467,-0.9495017944760955
tg_1758611100_144259,CpP7Jq67B3z8w3RwmGVhqkVrSaivsy2VML8K1xLvbonk,2025-07-21 16:29:21+00:00,2025-07-22 08:15:00+00:00,2025-07-23 08:15:00+00:00,0.0001207238530762,4.4652334207676166e-06,-87.36769132836467,timeout,tg:1758611100,,{},{},0.036987167879318716,True,True,0,time_stop,0.0,0.0,0.0,0.0,0.0,0.0,0.0,0.0,0.0,1000000000.0,120723.8530762,4465.233420767617,-0.9630128321206812
tg_1758611100_144275,A5Q2Hb41mFr7oCKurLZc3hrtB5ZAS8R7njxeWexu1bS,2025-07-21 17:51:46+00:00,2025-07-21 17:52:00+00:00,2025-07-22 17:52:00+00:00,0.0001853784942867,4.712571961023058e-06,-80.94926686531994,timeout,tg:1758611100,,{},{},0.025421352024441176,True,True,0,time_stop,5473.912910428181,0.15877497194728105,0.044902095141031766,34521.19590956534,1.015664326233159,0.2223658491469048,80675.88804151934,1.5601258151016377,0.5845902130153692,1000000000.0,185378.49428669998,4712.571961023058,-0.9745786479755588
tg_1758611100_144371,GKKwq9dGr367VzZUBuC7w4n75V5LfewgU5fyqLGbonk,2025-07-22 04:10:22+00:00,2025-07-22 04:11:00+00:00,2025-07-22 04:49:00+00:00,0.0002630345149467,0.0004969799991179,88.9409833605318,tp,tg:1758611100,,"{""3.0"": ""2025-07-22T04:49:00+00:00""}",{},1.0,False,True,0,ladder_tp,7211.217356624149,0.12322718962060175,0.02356863661414517,17460.78580730814,0.20886201213187688,0.03383111460813796,49039.385380514934,0.37107938744304536,0.03015933442276349,1000000000.0,263034.5149467,496979.9991179,0.8894098336053179
tg_1758611100_144443,88HPgV4Bp6ZrhgUrm2YmaB8XBrXNYDWMxLPzRH9W3GP6,2025-07-22 13:39:11+00:00,2025-07-22 13:40:00+00:00,2025-07-22 16:05:00+00:00,0.0001783491974676,0.0027628629298883,1449.1311254093075,tp,tg:1758611100,,"{""3.0"": ""2025-07-22T15:46:00+00:00"", ""7.0"": ""2025-07-22T15:59:00+00:00"", ""15.0"": ""2025-07-22T16:05:00+00:00""}",{},1.0,False,True,0,ladder_tp,2695.161262739566,0.29314841772583816,0.04805150252430722,10809.150662124748,0.49498849435844156,0.06969898956266367,117408.05870016411,0.9945692405890848,0.11926204341202115,1000000000.0,178349.1974676,2762862.9298883,14.491311254093075
tg_1758611100_144466,4MuJzY1cewycufnhwiWEshUMJ1tp5Dt2hnLsdLj8pump,2025-07-22 16:21:40+00:00,2025-07-22 16:22:00+00:00,2025-07-23 16:22:00+00:00,4.296131179161643e-05,5.969693648376453e-06,-31.06927815276216,timeout,tg:1758611100,,{},{},0.13895510633689248,True,True,0,time_stop,3897.3084394104785,0.16026162308717878,0.007457053966660605,6473.073228133824,0.23970143874658706,0.03461264672265543,57420.3082667031,0.8899110499547145,0.14770760225198903,1000000000.0,42961.31179161643,5969.693648376453,-0.8610448936631075
tg_1758611100_144483,6opdPfd5dbkaxihfV9PQ4hudTqDgwxKqC9GKuvc4bonk,2025-07-22 18:31:46+00:00,2025-07-22 18:32:00+00:00,2025-07-23 18:32:00+00:00,0.0004102917920823,2.682565958905238e-05,-9.929996734915825,timeout,tg:1758611100,,{},{},0.06538190650343659,True,True,0,time_stop,55164.453468280124,0.3940694146927221,0.1339569340888228,149157.462628484,0.6561368273192263,0.11335430180477078,2510290.8227038747,2.3972309008576245,0.16992984555145185,1000000000.0,410291.7920823,26825.659589052382,-0.9346180934965634
tg_1758611100_144576,ECyfEnjvq4Ho9nak5uirfEAaomC4Qw4SWp5Qt72Zpump,2025-07-23 04:08:59+00:00,2025-07-23 04:09:00+00:00,2025-07-24 01:38:00+00:00,0.0007576402597385,0.0022696857792742,199.57301636235428,tp,tg:1758611100,,"{""3.0"": ""2025-07-24T01:38:00+00:00""}",{},1.0,False,True,0,ladder_tp,25110.195357743658,0.32834697028133475,0.06482730958237226,54394.98570292673,0.32834697028133475,0.05561570896451024,312700.092834929,0.839042524390282,0.0789543455462371,1000000000.0,757640.2597385,2269685.7792742,1.995730163623543
tg_1758611100_144587,2EyNf2PCNT7eQ9ag1RDXw3qn3Cy22WdTA9T6HKDebonk,2025-07-23 05:33:31+00:00,2025-07-23 05:34:00+00:00,2025-07-23 09:03:00+00:00,9.109911092435392e-05,0.0001762776729169,93.50098055652367,tp,tg:1758611100,,"{""3.0"": ""2025-07-23T09:03:00+00:00""}",{},1.0,False,True,0,ladder_tp,46491.29999733022,0.7089726828771497,0.07917692837992574,194012.80030051083,0.8632628899459263,0.1482645255460923,230183.1176181169,0.8632628899459263,0.14951491690104188,1000000000.0,91099.11092435392,176277.67291690002,0.9350098055652367
tg_1758611100_144624,wq4n4P5XM8zzHLW12r7Q7oLHzWBFo5x1vtatHoYbonk,2025-07-23 10:09:07+00:00,2025-07-23 10:10:00+00:00,2025-07-24 10:10:00+00:00,0.0003838625402093,4.863017345627903e-06,-90.94724991027219,timeout,tg:1758611100,,{},{},0.012668642642171744,True,True,0,time_stop,88384.57963440614,0.2502815182297185,0.10067842486865244,175789.9795213167,0.6602582624804194,0.16385121640611242,175789.9795213167,0.6602582624804194,0.16385121640611242,1000000000.0,383862.5402093,4863.0173456279035,-0.9873313573578283
tg_1758611100_144641,WegbqPo2VVrUbU48f5qNaEcB26jZziWAYaEsECZbonk,2025-07-23 11:56:21+00:00,2025-07-23 11:57:00+00:00,2025-07-24 11:57:00+00:00,0.0001539121933577,3.918273101797456e-06,-96.72088447718724,timeout,tg:1758611100,,{},{},0.025457847207018772,True,True,0,time_stop,5628.590751992221,0.21313438719739267,0.061051719772173774,22073.552000487194,0.2881854649262003,0.05369234631530777,92664.3186146637,0.4244940500601721,0.06206419559382648,1000000000.0,153912.1933577,3918.273101797456,-0.9745421527929813
tg_1758611100_144645,uesmNgPq8dSxGg8QvukAVo6CkJg89QS1UFs8Levbonk,2025-07-23 12:29:59+00:00,2025-07-23 12:30:00+00:00,2025-07-24 12:30:00+00:00,8.823885884734931e-05,3.710502693059038e-06,-95.05660115113326,timeout,tg:1758611100,,{},{},0.04205066499645129,True,True,0,time_stop,4299.132402209507,0.1142727754489123,0.0,4299.132402209507,0.1142727754489123,0.0,4299.132402209507,0.1142727754489123,0.0,1000000000.0,88238.85884734931,3710.502693059038,-0.9579493350035487
tg_1758611100_144682,F9DsCxRjqV2RnPckHCcoAw2UPcjtB7uFjuJHXPRabtDD,2025-07-23 16:32:43+00:00,2025-07-23 16:33:00+00:00,2025-07-24 16:33:00+00:00,0.0001015071227021,3.5224010574885083e-06,-96.04228305912073,timeout,tg:1758611100,,{},{},0.03470102357078866,True,True,0,time_stop,13530.735574657505,0.3527700634922453,0.13763846406477942,36549.93904560734,0.5378492355945368,0.13764283480578535,156324.1121367918,1.028395275666094,0.150064780437695,1000000000.0,101507.12270210001,3522.4010574885083,-0.9652989764292114
tg_1758611100_144701,7QoiarUMRWZk4J3SxjYeuqeS2pPrKD9cMqEoC4fDLDwT,2025-07-23 18:18:26+00:00,2025-07-23 18:19:00+00:00,2025-07-24 18:19:00+00:00,0.0003054899594203,4.224569806280695e-06,-96.55980019135829,timeout,tg:1758611100,,{},{},0.013828833570495313,True,True,0,time_stop,346569.02099899505,0.5859882453066457,0.08669313528097969,444520.4268811173,0.9950565498249092,0.28002922452700024,444520.4268811173,0.9950565498249092,0.28002922452700024,1000000000.0,305489.9594203,4224.569806280695,-0.9861711664295046
tg_1758611100_144735,7mTo4k5oAk7drvGKK8axo1zP2WruAHVPp4zsgcoBbonk,2025-07-23 22:24:33+00:00,2025-07-23 22:25:00+00:00,2025-07-24 22:25:00+00:00,8.876432422591988e-05,1.2452977622103565e-05,-58.063385750651285,timeout,tg:1758611100,,{},{},0.14029259762524274,True,True,0,time_stop,2309.154122336913,0.19911643317740357,0.0,2348.2984650404765,0.21243167105789273,0.04880051430996473,3077.3414004114575,0.23556929843363628,0.036409067416586435,1000000000.0,88764.32422591987,12452.977622103564,-0.8597074023747573
tg_1758611100_144839,NLMYNpjYVnYnq8rjwC9rKXgpMhg5MtQUUmwVBiAbonk,2025-07-24 14:03:42+00:00,2025-07-24 14:04:00+00:00,2025-07-25 14:04:00+00:00,0.0002978497795264,1.4113420691059271e-05,35.929314972789705,timeout,tg:1758611100,,{},{},0.04738435836179064,True,True,0,time_stop,12038.940581789808,0.1482281937579437,0.04421501869149175,115076.99584588679,0.6801800803459828,0.11098304277791456,302715.73637198395,0.9081329955980039,0.14733869482453504,1000000000.0,297849.77952640003,14113.420691059271,-0.9526156416382094
tg_1758611100_144844,87egPM7xbFTC2yu2j6mpDwF48AxpYUUsDXfCoXobonk,2025-07-24 14:29:53+00:00,2025-07-24 14:30:00+00:00,2025-07-24 14:59:00+00:00,5.6493620549579e-05,0.0001731855003311,206.5576230489809,tp,tg:1758611100,,"{""3.0"": ""2025-07-24T14:59:00+00:00""}",{},1.0,False,True,0,ladder_tp,25373.72808657418,0.7287880870092063,0.05924360547441449,96990.43557128396,1.0047981318446089,0.07836916992605437,130540.2594858329,1.1792274110913823,0.07758766302542282,1000000000.0,56493.620549579,173185.5003311,2.0655762304898087
tg_1758611100_144942,3hrGWXzgQzAikcG6rerG45tK7KLYw2dZ84owWJ14bonk,2025-07-25 02:06:55+00:00,2025-07-25 02:07:00+00:00,2025-07-26 02:07:00+00:00,0.0002262487106206,1.9136111938499588e-05,80.67983300006483,timeout,tg:1758611100,,{},{},0.08457998229474657,True,True,0,time_stop,3036.4700391954702,0.026459010856590182,0.008154642678420365,11680.401717793107,0.06729027421742932,0.012201531949475094,48711.837878335755,0.2552600209949734,0.02015117157450287,1000000000.0,226248.7106206,19136.111938499587,-0.9154200177052535
tg_1758611100_145038,5cBPkTSaQ2UnPG7xLccQHYs3Sv6QFrAnEFgjsgVVbonk,2025-07-25 13:38:31+00:00,2025-07-25 13:39:00+00:00,2025-07-26 13:39:00+00:00,0.0002418915761949,6.812507845039673e-06,-21.36510672676729,timeout,tg:1758611100,,{},{},0.028163477009842675,True,True,0,time_stop,3247.041523444893,0.11928854783661681,0.0,4855.030895960156,0.11928854783661681,0.030912250234377645,11295.159930780464,0.2606943085545511,0.03858061629536359,1000000000.0,241891.5761949,6812.507845039673,-0.9718365229901573
tg_1758611100_145096,MyBBADbeeJKqLAk7KJcLGg8tWtEPRmFjE1Uo4KSbonk,2025-07-25 19:49:04+00:00,2025-07-25 19:50:00+00:00,2025-07-26 10:04:00+00:00,0.0001358606491008,0.0003036072619549,123.4696094596476,tp,tg:1758611100,,"{""3.0"": ""2025-07-25T23:10:00+00:00"", ""7.0"": ""2025-07-26T10:04:00+00:00""}",{},1.0,False,True,0,ladder_tp,29680.419072682933,0.38726320262288655,0.2518284433691712,68097.47740350271,0.8265069096921603,0.15274840984652194,136120.76387316635,1.0590640447787592,0.14702018275154813,1000000000.0,135860.64910080002,303607.2619549,1.2346960945964758
tg_1758611100_145113,FMimSfAe49ahHzSuqYoimYra1z6ZVoy7iD2aW2Znpump,2025-07-25 21:48:52+00:00,2025-07-25 23:43:00+00:00,2025-07-26 04:25:00+00:00,6.820987729373225e-05,0.0004408384665428,546.2971112591465,tp,tg:1758611100,,"{""3.0"": ""2025-07-26T00:05:00+00:00"", ""7.0"": ""2025-07-26T04:25:00+00:00""}",{},1.0,False,True,0,ladder_tp,0.0,0.0,0.0,0.0,0.0,0.0,0.0,0.0,0.0,1000000000.0,68209.87729373225,440838.46654279996,5.462971112591464
tg_1758611100_145237,GMLEFvNsZ8WgZuewxVqdT2reNgABdfVPnjWsjmm6bonk,2025-07-26 12:52:41+00:00,2025-07-26 12:53:00+00:00,2025-07-27 12:53:00+00:00,0.0006686273961456,2.2939282355361885e-05,-17.01483540595552,timeout,tg:1758611100,,{},{},0.03430802041256269,True,True,0,time_stop,33289.559189972846,0.137036300882663,0.030586393319940473,103797.46315295123,0.2597319623614151,0.02631682856964524,519323.0298371201,0.8409282136346398,0.061022020399086614,1000000000.0,668627.3961456,22939.282355361884,-0.9656919795874374
tg_1758611100_145328,xo8qqdpDR3eowTeSmw362sDaWQZZo5ZfA5ThYE3bonk,2025-07-26 22:15:58+00:00,2025-07-26 22:16:00+00:00,2025-07-26 22:24:00+00:00,0.0001112013456436,0.0001820915975463,63.749455091940234,tp,tg:1758611100,,"{""3.0"": ""2025-07-26T22:24:00+00:00"", ""7.0"": ""2025-07-26T22:24:00+00:00""}",{},1.0,False,True,0,ladder_tp,63458.426423758254,0.2556934749034432,0.1426529136291301,127357.91843435813,0.6068213034349852,0.13594988037297284,133070.47757343747,0.6068213034349852,0.16825455416349933,1000000000.0,111201.3456436,182091.5975463,0.6374945509194022
