id,contract_address,timestamp,source,narrative
tg_1758611100_139097,DHJVYXsikcimtcVo49FAZqYd1XPYPaXezYhbKArJbonk,2025-07-01T03:47:34Z,tg:1758611100,
tg_1758611100_139116,DPgmdXrqGHykj26xTGsmoNpFMfjaFB93cHvURriHpump,2025-07-01T05:45:35Z,tg:1758611100,
tg_1758611100_139158,4cjmXiM4Mg7F5Q5mXJF4Xn9y36wY9xLHK5nzcN4qpump,2025-07-01T09:30:29Z,tg:1758611100,
tg_1758611100_139169,A4u2PhhSxFUJdXRrqzbpQhgYEWZ56Mj5gFSFhYSFpump,2025-07-01T10:19:22Z,tg:1758611100,
tg_1758611100_139190,5RcXsuKg6nWH9UEKdf22XLwwKJE2EmcGuHNadpgGDa9v,2025-07-01T12:43:35Z,tg:1758611100,
tg_1758611100_139201,6NWctRoMdzNjEwNqHmQv5b1nEi5XURek63wDdrawsBLV,2025-07-01T13:44:28Z,tg:1758611100,
tg_1758611100_139216,DaPKQjewgFoCdgtK7X7V33PDQmG69r8Qvst9ZCjZpump,2025-07-01T15:51:26Z,tg:1758611100,
tg_1758611100_139226,t8w3Tr9crxWCKdr8B91n4mxAaCmYAXXWvs64WYdpump,2025-07-01T16:58:49Z,tg:1758611100,
tg_1758611100_139250,EeKce1KYy6FzSr6hTkBgmAJhosxkwfpY9vDW94Tpbonk,2025-07-01T18:54:49Z,tg:1758611100,
tg_1758611100_139291,DxzQNenW6q4jMs76e6jjhqvJbZ39gEUTAn5gdd1Nbonk,2025-07-01T23:14:56Z,tg:1758611100,
tg_1758611100_139330,HLRs2Yj3GHWuWrrxotQo2oQ9P2oUSYwqstwYtBkBbonk,2025-07-02T04:14:42Z,tg:1758611100,
tg_1758611100_139335,FJjKH9Xp2SvNDNUSN7X9T4uMNafFEYzbZpnwEZXKpump,2025-07-02T04:38:03Z,tg:1758611100,
tg_1758611100_139345,6mfaa4KbMHfGfXtWmjpkXoNMLsYSPD69qsGtPqbkpump,2025-07-02T05:17:23Z,tg:1758611100,
tg_1758611100_139413,57vRgzy9iteSQRPQgX2L4RcsjxgstfMNZhswtBKLpump,2025-07-02T11:45:48Z,tg:1758611100,
tg_1758611100_139478,2KqzGcQLTEPrm6u5teGQMzR4M3v7RB5184qth1hxn3Jy,2025-07-02T17:53:43Z,tg:1758611100,
tg_1758611100_139500,25MrUAQBxY5wS21eLNFrW32PmwuDcy3mfBK1bHCTwSRz,2025-07-02T19:19:42Z,tg:1758611100,
tg_1758611100_139507,DTf1r45zDHV8XkKLaQbXzsecBBVWsoVRx6PYC8Vypump,2025-07-02T20:06:43Z,tg:1758611100,
tg_1758611100_139626,8pFhEs3ZMCMVekQDCVvUYLBAPJdUkYWxUeNUMdq7jups,2025-07-03T07:02:38Z,tg:1758611100,
tg_1758611100_139683,EoLW32eUjN9XibMLEb53CMzLtg9XxnHFU6fbpSukjups,2025-07-03T12:38:40Z,tg:1758611100,
tg_1758611100_139711,EZzRUjAZpbBwrsjeqxCQyWebJ7uTrZvx7Jf77hfxpump,2025-07-03T14:38:36Z,tg:1758611100,
tg_1758611100_139717,ryAgfsmgmadESGttuG8LwKDsBsT7EisVkLxFcGKpump,2025-07-03T15:05:25Z,tg:1758611100,
tg_1758611100_139742,w2ZUkG3MTYrmDLoUbRcQduCWECNGPvPZs1vhxaDpump,2025-07-03T17:33:38Z,tg:1758611100,
tg_1758611100_139796,J4VRowz8cZjPHXQBZe3vbgnm9BoBrtuF3ewYxy9Spump,2025-07-03T21:28:50Z,tg:1758611100,
tg_1758611100_139836,BFgdzMkTPdKKJeTipv2njtDEwhKxkgFueJQfJGt1jups,2025-07-04T02:25:30Z,tg:1758611100,
tg_1758611100_139922,83kGGSggYGP2ZEEyvX54SkZR1kFn84RgGCDyptbDbonk,2025-07-04T09:15:17Z,tg:1758611100,
tg_1758611100_140010,9NT3GXSvPPZxjTNyGfgwPZVahfdMV8iJiHqEtjBDpump,2025-07-04T16:37:10Z,tg:1758611100,
tg_1758611100_140045,P79VPZFfDreHPQVEF9BHZtAipDpviczpcnBXHWspump,2025-07-04T19:12:51Z,tg:1758611100,
tg_1758611100_140145,5vdsNXpd7uQLdUMu2e4Ypm9c9swNaLhMQzta4ooMpump,2025-07-05T06:43:12Z,tg:1758611100,
tg_1758611100_140152,9E1TrvTBSwfJvHSzgyZJCipQC3v1abPN76panRg2bonk,2025-07-05T07:34:34Z,tg:1758611100,
tg_1758611100_140171,FV6Xcw9K5GZRb2jDN7e6xXgzs4ZDgJM1BE6nWRqRbonk,2025-07-05T09:21:21Z,tg:1758611100,
tg_1758611100_140220,9HBLhDZc2hyuDL7avTo14FEVcjs4fQ6yA5JuYL9cbonk,2025-07-05T15:25:24Z,tg:1758611100,
tg_1758611100_140240,GZcGneiDq6L6PsEPBjPJuDcEezc3NRNE5F47XqcZpump,2025-07-05T17:01:38Z,tg:1758611100,
tg_1758611100_140271,1QMoP7gFmBMJhN62C9uBErawfBgExdR65mJbCBeboop,2025-07-05T20:44:01Z,tg:1758611100,
tg_1758611100_140483,G48A1YcFvPRCvZoMh6zdM2kas6pCsfbGmjQwJvBSpump,2025-07-06T16:47:03Z,tg:1758611100,
tg_1758611100_140532,BfWJKtrUCZjMQ7vftvxBNLrBUuqhm4QYK74wKM7xbonk,2025-07-06T22:07:14Z,tg:1758611100,
tg_1758611100_140699,5aUemPEExdpnRYwrHTsALeQgDFda63dAP5bNnSdgbonk,2025-07-07T16:09:42Z,tg:1758611100,
tg_1758611100_140805,DqRB2BZUfWFX8ZbCQvjWFor8KQTohaiTynSsYafbonk,2025-07-08T03:42:55Z,tg:1758611100,
tg_1758611100_140902,GUp6rv5emMKS2mSYrYSEVUDSebbNU7Ab6bUFpvuf48nc,2025-07-08T13:46:40Z,tg:1758611100,
tg_1758611100_140970,8MGPXTqSKKMYTe1dpRrBo8FEwM82oxjJL7X5Pahgbonk,2025-07-08T20:08:32Z,tg:1758611100,
tg_1758611100_141050,3xypwTgs9nWgjc6nUBiHmMb36t2PwL3SwCZkEQvW8FTX,2025-07-09T03:59:12Z,tg:1758611100,
tg_1758611100_141066,6fs6j8pQyGgxJqsBMQE9QWZgqKbBiez87naMPp2Jbonk,2025-07-09T05:11:48Z,tg:1758611100,
tg_1758611100_141078,92ZcT2413ZboNzdZFzq2mrqXZeu99wc5kx2fgjMgpump,2025-07-09T05:56:46Z,tg:1758611100,
tg_1758611100_141126,FjCTpAv1fvQxryWNVkQP1N2XeqkbPwWxgxEftbWPbonk,2025-07-09T10:49:25Z,tg:1758611100,
tg_1758611100_141146,BJssriYGNkMqLW2MUXxztWYbY3UBF87ZYKq3KDstaxX,2025-07-09T12:18:31Z,tg:1758611100,
tg_1758611100_141174,Dj2xFMCzDBW1R9zr8eQFApBRxEvR2mF9B85NDceqckw9,2025-07-09T14:00:20Z,tg:1758611100,
tg_1758611100_141223,8TpHSgXoNdqZnzyHXv5mp7K4kdDgXvuStehkCmTabonk,2025-07-09T19:11:28Z,tg:1758611100,
tg_1758611100_141234,cDkTvtXwJLqAS5NqpiwoTT2cbe6GkPBfBwkb5kppump,2025-07-09T20:26:14Z,tg:1758611100,
tg_1758611100_141320,GH2rnaLDnkqGAuDyCDAASAVQWUU29rQRzv3LpV1kbonk,2025-07-10T05:06:07Z,tg:1758611100,
tg_1758611100_141386,CmJWm7B9JrqA5145bCqXMzVDbGfdhaJfVCt474Sebonk,2025-07-10T09:41:04Z,tg:1758611100,
tg_1758611100_141410,5quRextWKqwVVAZkVSbWcW4VsJpTefAamsCgC6TPbonk,2025-07-10T11:25:30Z,tg:1758611100,
tg_1758611100_141445,5HKCLW2Hr3gqvQNfW1tik5q84X1kkF4iSqTsXNTrzvtT,2025-07-10T14:03:38Z,tg:1758611100,
tg_1758611100_141493,8eVgWdy5gkoZNeSqRLTjzffGHq8aZQvFxBqbvTXDbonk,2025-07-10T17:42:49Z,tg:1758611100,
tg_1758611100_141497,J7gaM1P2fVpivP9sRpyno8j6SGwUSffTADnWFQvqpump,2025-07-10T18:09:32Z,tg:1758611100,
tg_1758611100_141553,5HaQwBuX996CoBZzg2VspBT4sLU8Gx4kzuukGMrBbonk,2025-07-10T22:35:23Z,tg:1758611100,
tg_1758611100_141787,FjoHttjKHeuycYZA38xCBeYLyLxuf1tTY72RLackpump,2025-07-11T18:53:50Z,tg:1758611100,
tg_1758611100_141798,DLehJ1mGvhq3GCwr3zZMzPxNwutK7bY1DsW9xPbpump,2025-07-11T19:39:05Z,tg:1758611100,
tg_1758611100_141804,FGftaHdkbPYoRTPmjd6FQoTwYCxdXrgxezLdtixCpump,2025-07-11T19:54:20Z,tg:1758611100,
tg_1758611100_141818,CZQnHH2FHrDyaoh8jRkUmYKhFxXg2dFmWUFELbavbonk,2025-07-11T21:17:03Z,tg:1758611100,
tg_1758611100_141894,BWLCBrca2iY21gwX4UCjbR9YAjZHxvhzUU1pTCDrbonk,2025-07-12T06:31:46Z,tg:1758611100,
tg_1758611100_141983,8gej9zsTFxnQF1MRHxpq1swfp9AifxTtuSppbwjubonk,2025-07-12T15:56:40Z,tg:1758611100,
tg_1758611100_142021,GTLjYQ14NtB4X2ayUnGJRtBFWYDn8X7VgiFBzN7FGwnB,2025-07-12T19:37:41Z,tg:1758611100,
tg_1758611100_142055,5nDSCvBxXY7hEsAbpjJr51WaLDDKgmFjNWAc6wD2pump,2025-07-12T23:09:14Z,tg:1758611100,
tg_1758611100_142074,7nFYpHyhDgzg3ioU2JFko5kaVwm6bjkL4MtbUiVAiYbJ,2025-07-13T01:49:51Z,tg:1758611100,
tg_1758611100_142182,FRsWUe7PUjWgxitDxFhURsHZuemsZwXtqT5R6QvRbonk,2025-07-13T14:23:02Z,tg:1758611100,
tg_1758611100_142277,Ey2zpSAJ5gVLfYDD5WjccbksJD3E9jPFMPaJ8wxvpump,2025-07-13T21:29:04Z,tg:1758611100,
tg_1758611100_142410,9tqjeRS1swj36Ee5C1iGiwAxjQJNGAVCzaTLwFY8bonk,2025-07-14T10:47:13Z,tg:1758611100,
tg_1758611100_142535,pumpCmXqMfrsAkQ5r49WcJnRayYRqmXz6ae8H7H9Dfn,2025-07-14T19:10:31Z,tg:1758611100,
tg_1758611100_142537,2rVgh6tcU1Hhk58XwD631E2D6iqLV28prSdpBXaLbonk,2025-07-14T19:13:35Z,tg:1758611100,
tg_1758611100_142559,777Z92HqqGEav312yx8CfakajosBRFFUMbemyLaqbonk,2025-07-14T20:38:56Z,tg:1758611100,
tg_1758611100_142578,dTzEP9JU2NRDPuWtM32gaVKip2fTHBqjheU1APBpump,2025-07-14T21:45:24Z,tg:1758611100,
tg_1758611100_142597,G9h69DZAr6zEvrb9Y9DqBx88gC6yE5vapiefk8egpump,2025-07-14T23:00:56Z,tg:1758611100,
tg_1758611100_142607,CjoGpiBeaX9xQPhNfUcU617GqZK8tehVED9sJYe3Vray,2025-07-14T23:40:32Z,tg:1758611100,
tg_1758611100_142729,4bFjaiJuNiZqhpzQT9qHugJtQ48d8uwJud4e69gmbonk,2025-07-15T12:24:59Z,tg:1758611100,
tg_1758611100_142764,Eb7Wq4Ad3icPUtbNCFAmmGQcmjvNAswjPabki1qgpump,2025-07-15T15:01:53Z,tg:1758611100,
tg_1758611100_142771,GXyAcL6QPrmdZXGga9cVuSqhmmDSXgapW6F6hzoVbonk,2025-07-15T15:25:26Z,tg:1758611100,
tg_1758611100_142775,7xtmqMaVifpUEhvYzTPgJcU6N4eoCrDVcNEKPEi2pump,2025-07-15T15:45:26Z,tg:1758611100,
tg_1758611100_142905,HD3JBABeFkdZwUgKwhwJYqjLNrPWXEaDVfH4uMqRpump,2025-07-16T04:38:12Z,tg:1758611100,
tg_1758611100_142911,DFCYkvCjoJdse64BkbJRE8AdCWZsAz7K4vaGdGRCpump,2025-07-16T04:57:09Z,tg:1758611100,
tg_1758611100_142931,CuWokSWLxxQKVxTx51qA9d9QyAggUfKj6Ji6kkGmbonk,2025-07-16T06:29:51Z,tg:1758611100,
tg_1758611100_142981,5GasK5s5TiCEPHGscEL4dYST65pxMXPeZMjpZuVTbonk,2025-07-16T10:45:41Z,tg:1758611100,
tg_1758611100_143023,CffTf8NJJ6NNthsGrBDBQ9cZJ21DBenFQXwFs9Mtbonk,2025-07-16T14:00:05Z,tg:1758611100,
tg_1758611100_143074,jZGmEwwaW94iiU32wa6RADgVEhdpQpa6MtGERfJpump,2025-07-16T19:01:35Z,tg:1758611100,
tg_1758611100_143205,FT8X8hqoEwNT8UifNL3ppPbpccf7mnuNLpJsszv7AFHW,2025-07-17T06:13:43Z,tg:1758611100,
tg_1758611100_143232,9GtvcnDUvGsuibktxiMjLQ2yyBq5akUahuBs8yANbonk,2025-07-17T07:56:04Z,tg:1758611100,
tg_1758611100_143245,9QyLyjvypx53YJnicSGY7LeTxypHPVbMZnuyATNibonk,2025-07-17T08:39:17Z,tg:1758611100,
tg_1758611100_143333,HRcgvea3PdKqPY2XzEjjYkQgKbcsCQvMBkZQkecbonk,2025-07-17T16:13:43Z,tg:1758611100,
tg_1758611100_143374,BgCz2hYh4nnziGacRLv3pfzwAL9Wt3bVc1jmUJGxpump,2025-07-17T19:55:39Z,tg:1758611100,
tg_1758611100_143536,8vUMf7qEThPQVctatG2c66rycPBo5KbjxLQYc8Mobonk,2025-07-18T11:15:44Z,tg:1758611100,
tg_1758611100_143578,49rvGwnQVp2DcmgvaPgPK8JBXRZcSfjMkzapq7Cqpump,2025-07-18T14:28:46Z,tg:1758611100,
tg_1758611100_143656,J2bUGZDxRDpsVfjZqKwn6yYCUKFmqzHgt8UajhGtpump,2025-07-18T21:46:20Z,tg:1758611100,
tg_1758611100_143751,4SngaZ3N9ELjCqh6P3MeA3r4Hi2Dx1MDn2H4ijcDbonk,2025-07-19T10:04:18Z,tg:1758611100,
tg_1758611100_143802,12XvRbmvA3AY8La3brnQGcMR5HBp7Cn3Fxc5kKiQ86FY,2025-07-19T15:21:48Z,tg:1758611100,
tg_1758611100_143807,4CPgAsxg7mEfGCobyk7NnCbwvG1sweGsM36V3zukpump,2025-07-19T15:39:05Z,tg:1758611100,
tg_1758611100_143821,8fRWphActZHjcWeUah29krWie1Bf8L1X5RjycMWykMhh,2025-07-19T16:47:13Z,tg:1758611100,
tg_1758611100_144043,2H5gDNyUAW11MAAyVJmTT4mKEvXzJ4odMHhRZXZDbonk,2025-07-20T16:51:57Z,tg:1758611100,
tg_1758611100_144079,5bXVGNnGhCFAK9KPh1S9whFkhVxZy1mREWFbqB499xUP,2025-07-20T21:32:21Z,tg:1758611100,
tg_1758611100_144091,GKkZ6bSRmyUVMD2ur9kqxEokHSrDLkZ7oqXUstJDpump,2025-07-20T22:58:39Z,tg:1758611100,
tg_1758611100_144197,96U2q6WRoRCVyX73AcZZdWfYutxdZuxB2GsxioK3bonk,2025-07-21T11:13:55Z,tg:1758611100,
tg_1758611100_144259,CpP7Jq67B3z8w3RwmGVhqkVrSaivsy2VML8K1xLvbonk,2025-07-21T16:29:21Z,tg:1758611100,
tg_1758611100_144275,A5Q2Hb41mFr7oCKurLZc3hrtB5ZAS8R7njxeWexu1bS,2025-07-21T17:51:46Z,tg:1758611100,
tg_1758611100_144371,GKKwq9dGr367VzZUBuC7w4n75V5LfewgU5fyqLGbonk,2025-07-22T04:10:22Z,tg:1758611100,
tg_1758611100_144443,88HPgV4Bp6ZrhgUrm2YmaB8XBrXNYDWMxLPzRH9W3GP6,2025-07-22T13:39:11Z,tg:1758611100,
tg_1758611100_144466,4MuJzY1cewycufnhwiWEshUMJ1tp5Dt2hnLsdLj8pump,2025-07-22T16:21:40Z,tg:1758611100,
tg_1758611100_144483,6opdPfd5dbkaxihfV9PQ4hudTqDgwxKqC9GKuvc4bonk,2025-07-22T18:31:46Z,tg:1758611100,
tg_1758611100_144576,ECyfEnjvq4Ho9nak5uirfEAaomC4Qw4SWp5Qt72Zpump,2025-07-23T04:08:59Z,tg:1758611100,
tg_1758611100_144587,2EyNf2PCNT7eQ9ag1RDXw3qn3Cy22WdTA9T6HKDebonk,2025-07-23T05:33:31Z,tg:1758611100,
tg_1758611100_144624,wq4n4P5XM8zzHLW12r7Q7oLHzWBFo5x1vtatHoYbonk,2025-07-23T10:09:07Z,tg:1758611100,
tg_1758611100_144641,WegbqPo2VVrUbU48f5qNaEcB26jZziWAYaEsECZbonk,2025-07-23T11:56:21Z,tg:1758611100,
tg_1758611100_144645,uesmNgPq8dSxGg8QvukAVo6CkJg89QS1UFs8Levbonk,2025-07-23T12:29:59Z,tg:1758611100,
tg_1758611100_144682,F9DsCxRjqV2RnPckHCcoAw2UPcjtB7uFjuJHXPRabtDD,2025-07-23T16:32:43Z,tg:1758611100,
tg_1758611100_144701,7QoiarUMRWZk4J3SxjYeuqeS2pPrKD9cMqEoC4fDLDwT,2025-07-23T18:18:26Z,tg:1758611100,
tg_1758611100_144735,7mTo4k5oAk7drvGKK8axo1zP2WruAHVPp4zsgcoBbonk,2025-07-23T22:24:33Z,tg:1758611100,
tg_1758611100_144839,NLMYNpjYVnYnq8rjwC9rKXgpMhg5MtQUUmwVBiAbonk,2025-07-24T14:03:42Z,tg:1758611100,
tg_1758611100_144844,87egPM7xbFTC2yu2j6mpDwF48AxpYUUsDXfCoXobonk,2025-07-24T14:29:53Z,tg:1758611100,
tg_1758611100_144942,3hrGWXzgQzAikcG6rerG45tK7KLYw2dZ84owWJ14bonk,2025-07-25T02:06:55Z,tg:1758611100,
tg_1758611100_145038,5cBPkTSaQ2UnPG7xLccQHYs3Sv6QFrAnEFgjsgVVbonk,2025-07-25T13:38:31Z,tg:1758611100,
tg_1758611100_145096,MyBBADbeeJKqLAk7KJcLGg8tWtEPRmFjE1Uo4KSbonk,2025-07-25T19:49:04Z,tg:1758611100,
tg_1758611100_145113,FMimSfAe49ahHzSuqYoimYra1z6ZVoy7iD2aW2Znpump,2025-07-25T21:48:52Z,tg:1758611100,
tg_1758611100_145237,GMLEFvNsZ8WgZuewxVqdT2reNgABdfVPnjWsjmm6bonk,2025-07-26T12:52:41Z,tg:1758611100,
tg_1758611100_145328,xo8qqdpDR3eowTeSmw362sDaWQZZo5ZfA5ThYE3bonk,2025-07-26T22:15:58Z,tg:1758611100,
tg_1758611100_145330,R5CmN2uuBrZLKfNxi7BQyFzoQDJY4HanXUTr7Mabonk,2025-07-26T22:24:03Z,tg:1758611100,
tg_1758611100_145415,EXdq6GgKTNGQiMyW3s61CwV9meTEdPM5Yd1EpdoXBAGS,2025-07-27T08:54:24Z,tg:1758611100,
tg_1758611100_145434,HY9af7cfvWjyWVxc6mUcqVt4be1NWk2TawjwuSbujups,2025-07-27T10:46:03Z,tg:1758611100,
tg_1758611100_145549,2oe456vwiJgoC2Khigh4Be8qWc46Aw5YCLXPJdY6jups,2025-07-27T22:24:01Z,tg:1758611100,
tg_1758611100_145594,6YGmqZ8i3b4TrDDh5mqComviPUKpwGWTyfFNoWfctech,2025-07-28T04:11:45Z,tg:1758611100,
tg_1758611100_145660,9oRotoLST2BTttG3AybA6W9jocZ83pUYJFtoRYtmbonk,2025-07-28T12:00:05Z,tg:1758611100,
tg_1758611100_145679,12uVgtcRomb816JZ9Fo3x6YRi6kFpuuoViXcrGCXbonk,2025-07-28T13:35:20Z,tg:1758611100,
tg_1758611100_145694,9NhYpqcWZ8TUkZWCAVmSua231GF9vX5t1LFndFKH1ray,2025-07-28T14:47:11Z,tg:1758611100,
tg_1758611100_145769,68JeWepG7XjSxNhJHzTwqbFgCsv7SCV8B2qFCJjim2qQ,2025-07-28T21:06:05Z,tg:1758611100,
tg_1758611100_145848,AyNN9iwxJWwJSF9wZmcC4W4Au4Zzc3F9eZWYGccFbonK,2025-07-29T06:37:55Z,tg:1758611100,
tg_1758611100_145856,7hZmPPkBDYbFpvzQW54sX3DQHQjEVsVcCFRWsvCdbonk,2025-07-29T07:05:48Z,tg:1758611100,
tg_1758611100_145915,7nVqEn9XabTLVs8q1xrZ2nC9bUEtAkSnGomkoNvdpump,2025-07-29T12:46:58Z,tg:1758611100,
tg_1758611100_145966,jzwMFmSjLWsFBFAd8dspYPofP4Q613rqtrNQiAopump,2025-07-29T17:22:22Z,tg:1758611100,
tg_1758611100_145992,nWPwMoa1hodu3QJ3gY6btcy3zG4AtV24CV67YtYbonk,2025-07-29T19:12:00Z,tg:1758611100,
tg_1758611100_146073,2qqJLwt3DyYCjMVPKbfEmXSrHJqaVvaR4AbgfDXDbonk,2025-07-30T02:02:46Z,tg:1758611100,
tg_1758611100_146114,3LefwhxAyqzvre7wEwDHc7L6i3SR8HKQP6CgcqE7pump,2025-07-30T06:09:08Z,tg:1758611100,
tg_1758611100_146220,EVzxc2yhJS1gBEceQ15jNJmGzYF4xLy7X9gVMsnxJPkD,2025-07-30T17:46:24Z,tg:1758611100,
tg_1758611100_146222,BcDmwq9cm8RoYEFTGTbAy2cwgSGx2sineiEFpyUvbonk,2025-07-30T17:52:37Z,tg:1758611100,
tg_1758611100_146310,ATjkcnmi2nBLYy5KPJNUNDf1U47jzM7cwBYC1Dk7bonk,2025-07-31T02:54:53Z,tg:1758611100,
tg_1758611100_146316,YJWeeW5JBAQJuBrPLZxb42UeFMAAGtfC4NDvNRPbonk,2025-07-31T03:25:22Z,tg:1758611100,
tg_1758611100_146374,E4UpNxFEPghcMaVJvpZrEZBLGietafZW2a3ARbSobonk,2025-07-31T08:35:24Z,tg:1758611100,
tg_1758611100_146391,E4x2n6RLMPTjw3vqkCxZkEgiQXhDEHHByvwUWttL1uuD,2025-07-31T09:56:01Z,tg:1758611100,
tg_1758611100_146400,WqDU85BmY67YdjGYNnasVbYMBGtikWAuPfPG5k3bonk,2025-07-31T11:15:33Z,tg:1758611100,
tg_1758611100_146590,76HyhyHuHdm1VuvLSfBqorfCZN8sNRFHjccMdRksbonk,2025-08-01T06:06:23Z,tg:1758611100,
tg_1758611100_146613,3akGxRigg7eJRpaWUSqwmjTVAMFyPzxz2NdeHvdRbonk,2025-08-01T08:59:52Z,tg:1758611100,
tg_1758611100_146668,ySqdHx6No1UTuGpEm2QoS6e2zwbRdQsCeC3PRrvbonk,2025-08-01T14:55:03Z,tg:1758611100,
tg_1758611100_146730,ATEe3MqHCzy4dKMm9DgCvd2cYBKxMTCPPb1ZnLnmbonk,2025-08-01T21:32:21Z,tg:1758611100,
tg_1758611100_146929,6xUYNCTUSAWDz7DThjJ2GoyqBA4g8mCgBvM6cYKXbonk,2025-08-02T20:56:08Z,tg:1758611100,
tg_1758611100_146993,BZgQtoCaEj6aciT7sT1V7tnZtAkjMPb92VAXEPxABAGS,2025-08-03T05:09:45Z,tg:1758611100,
tg_1758611100_146998,5v4CNUhnAq4kdCRkje3vP9VN9eq7s8tQakjP2bmobonk,2025-08-03T05:35:51Z,tg:1758611100,
tg_1758611100_147009,FyrBf5xKg5EwKZ9pHvSpJeLLuCWBicTpm3VvZcsibonk,2025-08-03T07:08:16Z,tg:1758611100,
tg_1758611100_147053,GbCmr4N2TMR1p3AHf9BqqAU8CVjkyDdAyAnmoNqBbonk,2025-08-03T12:31:40Z,tg:1758611100,
tg_1758611100_147113,5oJEpN4iJpy2Tp3FQbSgibvHuTF3H2tUXw46dqj2bonk,2025-08-03T18:18:31Z,tg:1758611100,
tg_1758611100_147214,4K1xjc5Vg2T7bB46smbY915CKZroEb4z6Q1MTXRVbonk,2025-08-04T05:25:08Z,tg:1758611100,
tg_1758611100_147338,HmkHT8LWueZZRnVBGh2VcDg3K9qunF1kfa4u31bJbonk,2025-08-04T18:32:29Z,tg:1758611100,
tg_1758611100_147422,9DdtnmX9ziRM8LMXmy12dHyZeTFMbSjVfQV63eaCbonk,2025-08-05T04:23:00Z,tg:1758611100,
tg_1758611100_147434,5EaYZcaKfTVdpQ2avVtJ7BNWJ1Rnj86F1dWxppawpump,2025-08-05T06:00:51Z,tg:1758611100,
tg_1758611100_147448,GbzLdAPEJU3fLtSvkPxo8U6pHFhjpACiPWMSv69Mbonk,2025-08-05T07:47:19Z,tg:1758611100,
tg_1758611100_147484,6xhdy3ENzdX6riwsbz7wFmXiop2A6nvE4PZ9MrWfbonk,2025-08-05T11:44:32Z,tg:1758611100,
tg_1758611100_147506,J3Jwxa97BxMhPQZodg3Z21QhhtLtvEjUx4JoNwEYpump,2025-08-05T13:20:16Z,tg:1758611100,
tg_1758611100_147570,GEii6xM39nC5MUfZvrJkU5f4feFX46hSLaajzuPTbonk,2025-08-05T19:12:07Z,tg:1758611100,
tg_1758611100_147601,GdZEGK9Dv61EbpJ8fYnJZcnJvmhwF6uS6mVVkSfSbonk,2025-08-05T21:34:57Z,tg:1758611100,
tg_1758611100_147681,GUy9Tu8YtvvHoL3DcXLJxXvEN8PqEus6mWQUEchcbonk,2025-08-06T06:56:47Z,tg:1758611100,
tg_1758611100_147703,AjfpaByYw3bJh7QobL6z4teZHYAcRSfV1yRCehsYbonk,2025-08-06T08:59:25Z,tg:1758611100,
tg_1758611100_147743,Bj8yqpGGJ4izJrUtUoVG27vTBDVaUYkWGfhoqSwBpump,2025-08-06T12:24:34Z,tg:1758611100,
tg_1758611100_147747,1iVeXsBUZE31YkwmoP6LWCx7FCxB64z5Sqiims6bonk,2025-08-06T12:58:30Z,tg:1758611100,
tg_1758611100_147753,AGF2AW8nosA9rDxgfkHpqN5tTxoqBPreS5MqhRxxzg6i,2025-08-06T13:14:55Z,tg:1758611100,
tg_1758611100_147805,77GjN2S4wwYsL3XCqQSFFcduh8jGPWtV8zUroMnFbonk,2025-08-06T18:12:41Z,tg:1758611100,
tg_1758611100_147821,Bb5DTomqzRG7s475rtB55HyzRvjAG1V1xNyqd2QxThTi,2025-08-06T19:22:07Z,tg:1758611100,
tg_1758611100_147854,niDAn9HjghrQSBoftVgtLHRFZW3Ln2BeiHU5y3bSLAP,2025-08-06T23:08:20Z,tg:1758611100,
tg_1758611100_147876,8UVjHZYwph3GKv1rMzMg9xNxbBNRTtZnGxgVGxstpump,2025-08-07T01:32:03Z,tg:1758611100,
tg_1758611100_148019,BbcEc7W7JfvHDRimWpbcBw6gfC9oU8irCumytrPQbonk,2025-08-07T17:00:10Z,tg:1758611100,
tg_1758611100_148048,JDGRxsVyTPD9RmXT34bQbXBAfjvupzozLbRoDEUHBAGS,2025-08-07T19:58:34Z,tg:1758611100,
tg_1758611100_148053,7MUGBVeWyGag4hUS7R72fXngPcop3kki9HmgC2k3bXak,2025-08-07T20:14:37Z,tg:1758611100,
tg_1758611100_148084,7obhQyME8iSNktCbCAtiLCpgv3cVqW1PWd31v4Egpump,2025-08-07T23:46:31Z,tg:1758611100,
tg_1758611100_148123,APu9zDAmkQZes2TcjmVLGHuRQgtatMEpPyxsPxZRpump,2025-08-08T04:13:28Z,tg:1758611100,
tg_1758611100_148145,AdxNrCntq6YkYC2qVffF2Fw7WC1UatKhV8J6G4ekgNx3,2025-08-08T05:52:28Z,tg:1758611100,
tg_1758611100_148158,47sfyWY62hjMhzrQ8VshpY8yv3Hsf6pq3Qqf4Bhdpump,2025-08-08T07:36:56Z,tg:1758611100,
tg_1758611100_148244,YjzCuXtexmEonRNYXXbDTYRm5coZYQmLFFRBMVt7cLZ,2025-08-08T16:44:15Z,tg:1758611100,
tg_1758611100_148246,9tHrb53E1X1Ui1bBzWS3yj8K9VVtx9E4kVP4nfhQpump,2025-08-08T16:52:23Z,tg:1758611100,
tg_1758611100_148258,ZkV3sZAMPAqphLtbV7rLHZeApiDKRUFMdT4gqdTB5su,2025-08-08T17:34:14Z,tg:1758611100,
tg_1758611100_148297,Gnth6Qhb9ChRGcE2bx2FJM4TSCk6KRMKF3U3AnFJbonk,2025-08-08T20:43:39Z,tg:1758611100,
tg_1758611100_148308,61uiuu5aAc2HG1ZQaHd3opfLnK6cM4FQnE1jRi28pump,2025-08-08T22:07:05Z,tg:1758611100,
tg_1758611100_148334,BSt8yBJMBSNX8ChwY6sPmFrnJuNb8vRsS5uM6zBppump,2025-08-09T01:01:47Z,tg:1758611100,
tg_1758611100_148359,3fhzatoYoh9y8tHBcZnN2WAjL1FRZdQ7VFWFEcgLpump,2025-08-09T03:51:25Z,tg:1758611100,
tg_1758611100_148417,xhRE31h1iThLaG31gLhSRBpVQnZXZNkEYYfV5oEpump,2025-08-09T10:15:13Z,tg:1758611100,
tg_1758611100_148435,9e8WDchXQ5cZvBLVV4bMSyw6GG15FTMDDrc6RYJqbonk,2025-08-09T11:50:55Z,tg:1758611100,
tg_1758611100_148496,T1Hf5w9772oCkp8cnhoSdKdfjsKieVGEnDuNJeEpump,2025-08-09T17:43:34Z,tg:1758611100,
tg_1758611100_148504,x1yCGBjS3WJ2gN38qpFrRurvSucrDjZk2jQTGK3bonk,2025-08-09T18:33:29Z,tg:1758611100,
tg_1758611100_148552,FYXnJhgLmhcELqsKyAfdKZExFfA7gaskQa5TuEZE9RZT,2025-08-09T22:48:38Z,tg:1758611100,
tg_1758611100_148611,643Bi6ckHT4ikS45pCkMqHbrHqFbAgA6hcEonKP5BAGS,2025-08-10T04:43:23Z,tg:1758611100,
tg_1758611100_148623,HZNkenEuc8oZShjM68uKiPQoWTa4KeUNeyWFYenUBAGS,2025-08-10T05:27:32Z,tg:1758611100,
tg_1758611100_148633,4HKK55PPmFxD9XX17sjNgZg3HpaRzdcFeuc5ccGSyqi7,2025-08-10T06:17:21Z,tg:1758611100,
tg_1758611100_148663,HX1DMkDvn6UUPL5FFd1F5pHDXpCtLmMGdx6V9zqrbonk,2025-08-10T10:03:13Z,tg:1758611100,
tg_1758611100_148668,DL31uWMkwVCAJgyGQNLiHvJKuz4ZvpM6anMTXe7iQjvJ,2025-08-10T10:36:07Z,tg:1758611100,
tg_1758611100_148786,8snfTBHqzDEFpUuTjfibEnj5RnsAYUNh6o9tYHPAdjks,2025-08-10T19:35:03Z,tg:1758611100,
tg_1758611100_148810,E1eU7aNi6cN1QbRBYjWzKSK94RtpydVSJmQNHMDtbonk,2025-08-10T21:51:57Z,tg:1758611100,
tg_1758611100_148816,6b1embXE3tUKtCf1q5CaUxcDzxTypWVhayG8pGivrUme,2025-08-10T22:24:53Z,tg:1758611100,
tg_1758611100_148886,8zqnHrEjUpWvzLXx8cLf8d9VZ7Xh5wecezBDW1fYjups,2025-08-11T05:00:15Z,tg:1758611100,
tg_1758611100_148901,He65RVtitAX8zGQjUKvLzJh2vZydoGZ85gBr81WddYMV,2025-08-11T05:53:26Z,tg:1758611100,
tg_1758611100_148934,XbKWBmYo8GTRmLjf4qNCvLNZeDFKzVLvkEawVrypump,2025-08-11T07:50:02Z,tg:1758611100,
tg_1758611100_148988,FTggXu7nYowpXjScSw7BZjtZDXywLNjK88CGhydDGgMS,2025-08-11T12:19:33Z,tg:1758611100,
tg_1758611100_148997,Fcta8TWxGo2VpCT9mBtfHFupTsQk8GqE7nGg2x1yZUw6,2025-08-11T13:02:01Z,tg:1758611100,
tg_1758611100_149012,YBdbwtZ4nzFmZyZ1C2cAB18D3wySCanvSTip9Ntbonk,2025-08-11T14:00:06Z,tg:1758611100,
tg_1758611100_149075,QMaZd9LkqQexX2jz2LEir6N18PSYHm4pRjVTq5abonk,2025-08-11T18:08:10Z,tg:1758611100,
tg_1758611100_149101,CuM7jCNGFLQpFfnV7ZeUUbBpRWnCsPgTaNj6fgq4pump,2025-08-11T20:02:31Z,tg:1758611100,
tg_1758611100_149119,7725fUpaRKhnuJqtYNj6GfsCjHB9qDyYqeUUEZH6DREV,2025-08-11T21:09:29Z,tg:1758611100,
tg_1758611100_149151,EtKq5MVm8vFFVAYHX9Y7rYMQu2aWfXDxt7eEnZDjpBvm,2025-08-12T00:24:42Z,tg:1758611100,
tg_1758611100_149155,86y3kqM4Je3VEUs5sGvZhwCGXB5tn9UxWQ4He1JbkMLS,2025-08-12T00:58:01Z,tg:1758611100,
tg_1758611100_149202,2e1ZJUrpvPa8MC2U3vr5gDyL3myNbA8XGJ6hK2ToJtM5,2025-08-12T05:21:23Z,tg:1758611100,
tg_1758611100_149222,7AE3ffAc2pSPGskF6issMXuH5Ki3xSrYfsU5miRJBAGS,2025-08-12T07:02:05Z,tg:1758611100,
tg_1758611100_149239,8D9CZBsMocuJ8bdnpegGE8auHdFQ1Ez5F66wWAFv3WcN,2025-08-12T08:50:01Z,tg:1758611100,
tg_1758611100_149263,w6iohhdC6zbq2DP1uwtmvXPJibbFroDnni1A222bonk,2025-08-12T11:25:48Z,tg:1758611100,
tg_1758611100_149352,AjdCzXwien2FmTx3GDZeA6YX34A6rzhQCCZXSa7tqXJ4,2025-08-12T19:53:02Z,tg:1758611100,
tg_1758611100_149354,fmGLjVuQfBLbWPo5zxc8sSss3ixMW3u3bRP95uGpump,2025-08-12T20:05:38Z,tg:1758611100,
tg_1758611100_149375,DSfhSCTkCxnA7qGmdPzroA6pFTB2s9on2ZfAVXdLpump,2025-08-12T21:44:11Z,tg:1758611100,
tg_1758611100_149391,CWsrReZdBGUxwVzLrZZ5U6n6ofzuGdJQ3B9pRXCypump,2025-08-12T23:08:16Z,tg:1758611100,
tg_1758611100_149396,wrCvNiHEyiiotaRz9ahm9XN9bbJHaBEgZuY9BgWpump,2025-08-12T23:59:32Z,tg:1758611100,
tg_1758611100_149455,4o34CWkqAyPkHbXX4hc8rt2v91Uy6qVgNFvh75bzpump,2025-08-13T06:16:30Z,tg:1758611100,
tg_1758611100_149459,EoX6YR6h7TgvFPT556AiLSchie1MjMEPi3dh4Qapump,2025-08-13T06:23:41Z,tg:1758611100,
tg_1758611100_149468,88uWePLqqR6RRYZSio3zzbUQesDF8rzefkqV2ZJ1BAGS,2025-08-13T07:02:18Z,tg:1758611100,
tg_1758611100_149504,8PWair5hvgMiB5MAWKh91i6Ahi2fwbPUcrd89RNrpump,2025-08-13T10:20:27Z,tg:1758611100,
tg_1758611100_149553,DWtnQvP98QcWtDSWd1ASCWfSpnvWTQV2zmkGcQoipump,2025-08-13T16:14:45Z,tg:1758611100,
tg_1758611100_149596,GbXms9X6KUt9GpNtFRjSSjeogJHfSAJDdxTPoDMJPH1G,2025-08-13T20:22:43Z,tg:1758611100,
tg_1758611100_149599,Tf4TFqBkVkBFepKy7knDNRjejPAndkE1TFG694Wbonk,2025-08-13T20:32:24Z,tg:1758611100,
tg_1758611100_149604,3Sf6oKCeEqCuco4aYtKHHDTBYLAWHiL47QjvkW1UYDEG,2025-08-13T20:55:35Z,tg:1758611100,
tg_1758611100_149638,ECUeFcgALJXQkQSkFQUJtz2AjwbNYqt8yr5QDwrtq8EZ,2025-08-13T23:53:22Z,tg:1758611100,
tg_1758611100_149645,EuwaFjov8s9EMsQ3EYF55S9HnGxShB9w3WvrpV8rpump,2025-08-14T01:13:18Z,tg:1758611100,
tg_1758611100_149660,AnR1qNfefHwL8GY7C4iqzBjJZyKzw6Z7N9kXY81bpump,2025-08-14T03:03:12Z,tg:1758611100,
tg_1758611100_149724,6qGBJd8TaXP4nzNdCoFfyytM7RZfdwVNRcju6mfuLqpK,2025-08-14T10:46:41Z,tg:1758611100,
tg_1758611100_149727,GQsefQc5YPE12wkMnYMxD8Rq1wrRX7f9iFgpBjNpBAGS,2025-08-14T11:01:24Z,tg:1758611100,
tg_1758611100_149762,NJxAmP4tJZyRVaU5i2jG2ZmfguXzDjCQ67ZqRyBh111,2025-08-14T15:00:44Z,tg:1758611100,
tg_1758611100_149792,2mhEpu96Bwnw2pUZX5m4MqpaMTesDNApk5DTyS5fbump,2025-08-14T18:29:40Z,tg:1758611100,
tg_1758611100_149824,BFo3GmvH96paxTyEodpHz2ErHFbSdK7LDQYCfNEYpump,2025-08-14T21:25:04Z,tg:1758611100,
tg_1758611100_149838,AaWppRqTaUQ7Bikjhp7TDW4UTukJdeCDKapFEYwtbonk,2025-08-14T22:20:39Z,tg:1758611100,
tg_1758611100_149840,TgjK296F6PYWg3eRbRcEk9QQwA83eNwpm5JsRcdbonk,2025-08-14T22:30:08Z,tg:1758611100,
tg_1758611100_149896,6nGnXdsabPPJ88CsrigJUA7QY6Ag4PbRZkRJqEKypump,2025-08-15T05:10:37Z,tg:1758611100,
tg_1758611100_149929,C6tfsg87RabeqkXme8opQszRCh21fSSTfXX1jqh4pump,2025-08-15T08:23:20Z,tg:1758611100,
tg_1758611100_149996,BicHfpfxTPa8MjpgWofKAhtk8KGHHsiMgpYVeJAGpump,2025-08-15T12:55:59Z,tg:1758611100,
tg_1758611100_150014,CFSjMXEZmzniPn8KxQvPBk9gxDsjYVvGb2FsbhUSpump,2025-08-15T14:24:33Z,tg:1758611100,
tg_1758611100_150047,3cL96frxAmNwpPHFqHCuzXscGvdpzmaACjbx8sH5BAGS,2025-08-15T18:45:46Z,tg:1758611100,
tg_1758611100_150055,5pFW6ziMXDg7GSnXYuqjdV96aMqmKxipazdYHQTubonk,2025-08-15T19:27:04Z,tg:1758611100,
tg_1758611100_150063,ATCuDUz6Rz6vFhAEeH8HzBsp7MaHLJab7yQHg4uBpump,2025-08-15T19:56:27Z,tg:1758611100,
tg_1758611100_150092,Fh4oSZ6kn4CGgaojS9dP7gLXbG9KF5Dc9rAkgT6SBAGS,2025-08-15T23:15:49Z,tg:1758611100,
tg_1758611100_150108,GvtiRXe6fdSKpYXPTVubYFk5KkuzEzCSKJmJiHyqpump,2025-08-16T01:36:36Z,tg:1758611100,
tg_1758611100_150116,BdN2AF7h555TiTpxASirVBhG21dwcr5VNCcnW2BJbdG6,2025-08-16T02:38:11Z,tg:1758611100,
tg_1758611100_150160,CGdaM7nVe8nbhGoUwuYhYJenYEqg1PM3Nn4oX52Zpump,2025-08-16T07:12:31Z,tg:1758611100,
tg_1758611100_150195,5SmTatunpUm5ob6CKa1qx3bE5xJo8bpavno7iqokpump,2025-08-16T11:17:02Z,tg:1758611100,
tg_1758611100_150197,3hFEAFfPBgquhPcuQYJWufENYg9pjMDvgEEsv4jxpump,2025-08-16T11:21:32Z,tg:1758611100,
tg_1758611100_150203,GYKBbafCYFwd9gYrZuVQ4yYwdHgbxJ1HRQh8jN6Apump,2025-08-16T11:40:17Z,tg:1758611100,
tg_1758611100_150218,CSEH51mWGPynGoGNfLy2pi7Vsy6US4GV9xb6AEy7pump,2025-08-16T12:56:48Z,tg:1758611100,
tg_1758611100_150225,vtUzXyowSMsNUwiZMLNufySoeW9ehaPAVr7YsYQpump,2025-08-16T13:41:59Z,tg:1758611100,
tg_1758611100_150236,3qNkFjkB2b38k8CPHiAn3np258x9ydLYMBkJddUKLpHj,2025-08-16T14:38:49Z,tg:1758611100,
tg_1758611100_150240,5dCwACDZJbvCLavuhwsN5dogtLD8H2ZnKuuoGAXypump,2025-08-16T14:52:25Z,tg:1758611100,
tg_1758611100_150360,6UfynQAUASwqxSSEENzL7vMR1wmpQS6LXrNn8f3xpump,2025-08-17T05:34:36Z,tg:1758611100,
tg_1758611100_150370,D7BsYeiPsqC6ty4uRyJhNtQ9XpPFGnRB3mcsDiBspump,2025-08-17T06:18:18Z,tg:1758611100,
tg_1758611100_150410,3Rt9t4vM1KShncfMgya69ahrktmKewnHz11FUhdapump,2025-08-17T12:24:13Z,tg:1758611100,
tg_1758611100_150449,9dEcM4kpKW7tupAA1Y4QVGVDhL6rwDrWZ3ogs7kpump,2025-08-17T17:06:21Z,tg:1758611100,
tg_1758611100_150500,2wPxGgsDP2fbd9nMnsMRH3psqScu3ZXM94MAi19Epump,2025-08-17T22:01:30Z,tg:1758611100,
tg_1758611100_150548,Arh2U7Bi17wfDFCH11Ez4St2mBYxciEGRsQGi85epump,2025-08-18T05:07:37Z,tg:1758611100,
tg_1758611100_150569,HuSyZB3ChbYngnQPSBWtmqceqKDUzghHCqppVf1Mpump,2025-08-18T07:28:16Z,tg:1758611100,
tg_1758611100_150591,7qo3J9wJ582RDX9ufiKfKL8piKg5FFFVdE1uRJiLpump,2025-08-18T09:56:17Z,tg:1758611100,
tg_1758611100_150597,6kjzL6NBtwhzdhZJASqHMimfaxNBGqKd2h6JHnnbRuao,2025-08-18T10:31:15Z,tg:1758611100,
tg_1758611100_150602,58yQ5ZWbuhPD7vEgcD7mutsGmF2PsprEmavjHHh8pump,2025-08-18T10:58:07Z,tg:1758611100,
tg_1758611100_150612,GKdpkRpeSpMv3pqV23EProe7tSZdBoTCJJspfYBLpump,2025-08-18T12:02:10Z,tg:1758611100,
tg_1758611100_150709,YbSXHHYYahbXKKCyseKgmhmyXWCW2W3WFJZrRJFpump,2025-08-18T21:47:52Z,tg:1758611100,
tg_1758611100_150728,Ey3XV7Cw3tE4dUXoFC4zoNujRXN7u7dBf21vsZFcbonk,2025-08-19T00:18:27Z,tg:1758611100,
tg_1758611100_150748,EFpVWrfca9WF66jHDkafGuMny4wTjGdX9QYTLnhRJ777,2025-08-19T03:23:44Z,tg:1758611100,
tg_1758611100_150819,7efSphu3seotNZcBxjGuNMPAA6Vz2WAJa8VBMHHrQ777,2025-08-19T11:41:39Z,tg:1758611100,
tg_1758611100_150832,6pvtv14ye2nvxqCR8fc8y7TTU6SkLGyaSVnVNS9V6777,2025-08-19T13:31:01Z,tg:1758611100,
tg_1758611100_150839,969L2FYMBqXTo6Ejs59oM1swNgW5XkBtzG2y5BxmHREV,2025-08-19T14:12:09Z,tg:1758611100,
tg_1758611100_150863,A1QhTHBxotKUuDuZN8xEpJ2WSUt22qh3Q9ApLiueqMHw,2025-08-19T15:58:29Z,tg:1758611100,
tg_1758611100_150880,CuPrcDMz7CmzMeH8oGpmPXCTQfDmit2pgEE9UM1Dpump,2025-08-19T18:52:36Z,tg:1758611100,
tg_1758611100_150888,Co4692bPPQXAqqxSLAeTTvF1bnhY26FUWt2YuWQPBgfU,2025-08-19T19:33:18Z,tg:1758611100,
tg_1758611100_150948,5YUMaw3fFCRMySvuYMgZJ6nB2te3wvo9QGdP3tNNpump,2025-08-20T03:25:13Z,tg:1758611100,
tg_1758611100_151019,2mqtfhnfvwWHragzhGxbzZWozv4PMGntwKLbHZ52pump,2025-08-20T12:01:54Z,tg:1758611100,
tg_1758611100_151035,BdPuBiKDf7osgLxwJyuDWz123U94PgNpj3m2Z9Myo777,2025-08-20T13:49:39Z,tg:1758611100,
tg_1758611100_151057,tdvjgx6fMQgEhkEn888DQZimU2y4u71Ch2U6p7pN777,2025-08-20T16:03:13Z,tg:1758611100,
tg_1758611100_151071,i1f1o1sxUeqizm8pGTnvcF859QdvwPEAQnA935fpump,2025-08-20T17:29:03Z,tg:1758611100,
tg_1758611100_151190,B32hGG9q55tcik9gNBPuoSHTnqFtpKYLpsApFyvCpump,2025-08-21T05:03:36Z,tg:1758611100,
tg_1758611100_151226,D5yrGcAZ1B9uQStfhVLz2wJo2bFUMUKvgDazhhLCpump,2025-08-21T09:41:53Z,tg:1758611100,
tg_1758611100_151245,2gZcjozCdghULQXFoR6rUBbid7C3FfH4ofNMaKYmk777,2025-08-21T11:15:20Z,tg:1758611100,
tg_1758611100_151283,8DVGjPQ17iVbwXnE3gJziXj2e1Xxc89jSdxVpZ4uG777,2025-08-21T14:38:59Z,tg:1758611100,
tg_1758611100_151287,EndwgCWazrNvZZtirQMB8Ktw2xB1Pa8XXe8m6P1FW777,2025-08-21T14:54:24Z,tg:1758611100,
tg_1758611100_151289,APScEhwMs4WN5ZnfGNUuHfLUsnE2FZjMjRPJUGF2pump,2025-08-21T14:58:06Z,tg:1758611100,
tg_1758611100_151296,12Z5CsL5kCPRmnLQcwpY2QrEub3MahHCtRHxoQEdpump,2025-08-21T15:14:43Z,tg:1758611100,
tg_1758611100_151401,4beyCd8T3oTY1MMgH19GiCiUhRwH5k4nC9FmX9i8pump,2025-08-22T00:49:24Z,tg:1758611100,
tg_1758611100_151403,6d2Wze1KMUxQ28sFLrH9DKfgBXpUJSJYZaRbufucvBLV,2025-08-22T00:57:57Z,tg:1758611100,
tg_1758611100_151415,2nmowg87Jbo55Uc3yWaeeSZ6DnDBhpoVMiQKMdKfv777,2025-08-22T02:40:18Z,tg:1758611100,
tg_1758611100_151439,AUe6QTAmnuZtv6S3zu2JKws98G7EpQWqbYE8XW16W777,2025-08-22T05:39:18Z,tg:1758611100,
tg_1758611100_151531,8AUErKrTLgge4xVaa3n3qVAN78CyL5n9uUSMZRtzbonk,2025-08-22T16:04:34Z,tg:1758611100,
tg_1758611100_151540,AvsVPyxg3WNaX9mzn1eAw7kWLuH6AbEZJZa63z2Lpump,2025-08-22T17:04:58Z,tg:1758611100,
tg_1758611100_151563,DpdjbByf7fc3UTxHUco5fVmSGZAcW5XLgBsRmBs6mJua,2025-08-22T19:36:00Z,tg:1758611100,
tg_1758611100_151606,FdpEvMwXM99WsCr5zwrQ5BqgQTSLULpewpXjfs7ABAGS,2025-08-22T23:16:29Z,tg:1758611100,
tg_1758611100_151640,2ZqgkCpvXjzB4NstzBUPSrsYrrbziUv5mC9CsxSQZryG,2025-08-23T03:44:47Z,tg:1758611100,
tg_1758611100_151670,7nsbGjYk85fkDk1uNFqVCyLZYtXxiZoLZncfLLC7pump,2025-08-23T07:13:57Z,tg:1758611100,
tg_1758611100_151690,Ba87psSuyCQx8ufTK3dBFfHYvJXhTPkQ5TDS7RPmpump,2025-08-23T09:04:07Z,tg:1758611100,
tg_1758611100_151715,C42n257o9a5KN4UinR1R4xyPHX7aqagpFe7hoXrypump,2025-08-23T12:20:45Z,tg:1758611100,
tg_1758611100_151737,8iX3bBsYuA2u7zfcYX8LrHQNWtqDrAAXCfKvgZWbonk,2025-08-23T14:29:34Z,tg:1758611100,
tg_1758611100_151752,YLFntRry6JzVMUdGPsZpmSSVTXaNTYRah92q551pump,2025-08-23T15:49:24Z,tg:1758611100,
tg_1758611100_151757,7Y2fz6HVrSpzkym2wKYfmof7n5AUXFjK6QpbBMxq9EL1,2025-08-23T16:07:53Z,tg:1758611100,
tg_1758611100_151774,6t3sDWZtYoFq8LCxBf8dix8BDV776TQN2WBSWLEpump,2025-08-23T17:21:53Z,tg:1758611100,
tg_1758611100_151784,5efQfRqBwYDob34CdeYyxnYAhPLKk4Y1Dy3FFNV2C777,2025-08-23T18:06:50Z,tg:1758611100,
tg_1758611100_151812,8SHZVgQ8GMzac7oYBz2UZpU8PBcbrtzkyordFqfrybZC,2025-08-23T20:20:27Z,tg:1758611100,
tg_1758611100_151816,GpdRNotihwXZJ3z3y6yCRAhecFrALc4J8SX92pxnbonk,2025-08-23T20:32:46Z,tg:1758611100,
tg_1758611100_151877,BnszRWbs9LxSzsCUUS57HMTNNtyDHFsnmZ1mVhAYdaos,2025-08-24T03:43:16Z,tg:1758611100,
tg_1758611100_151906,HsiRmhFuW5FAs6akCTJJts8MgVJc5mmgUDFDooxpump,2025-08-24T06:07:53Z,tg:1758611100,
tg_1758611100_151927,HM1VvScqpUdbXqWkhDjcoe1nMbyeBRhQ3pDqhfympump,2025-08-24T07:28:40Z,tg:1758611100,
tg_1758611100_151939,3rLgGYZPa7BW5NrVeq7jKXCNWagrzwURqQjXQyHNmoDv,2025-08-24T08:21:55Z,tg:1758611100,
tg_1758611100_152028,218GvpbMt91iGnwxiAfhwP2dc9giBaKi25JLoUADpump,2025-08-24T17:40:05Z,tg:1758611100,
tg_1758611100_152030,13RbxjgWhXhgSN4krVwadunLSAJjph7b9QFU4GWEpump,2025-08-24T17:44:47Z,tg:1758611100,
tg_1758611100_152033,3roGjzv4TeaWFN8VN6hfUKAsmoVUrYmmB2Dz3NYF1GAA,2025-08-24T18:00:09Z,tg:1758611100,
tg_1758611100_152038,54zCo58WndTqFqiN7fB47LdRU8fdyC1aPLJE2utWpump,2025-08-24T18:31:19Z,tg:1758611100,
tg_1758611100_152041,7bJMuwSG23aSAKYfADBLE7X6Yiq5H1dUB7TeuC6vpump,2025-08-24T18:37:39Z,tg:1758611100,
tg_1758611100_152069,rrenNYT2dFQaHQU3Lmw5MExXUxDkHsDFjhNN3Aipump,2025-08-24T21:24:02Z,tg:1758611100,
tg_1758611100_152185,C2i8WUjvkpZPXEBumF6dwFJakaDA3hTYCcBpfLMgpump,2025-08-25T11:31:01Z,tg:1758611100,
tg_1758611100_152238,5gvo59GJB447YuoCTsWMGMP4mdKnDAiC7acJyPyRpump,2025-08-25T16:00:46Z,tg:1758611100,
tg_1758611100_152257,ygPRx1SuXQLqnrFTp2LWKQ8SJZv75Pq7vuXtiDjpump,2025-08-25T17:29:19Z,tg:1758611100,
tg_1758611100_152309,A7GSYLQiWx7a8qMZfqx9HoypNTNB6DmZLhW1CzaXpump,2025-08-25T21:16:42Z,tg:1758611100,
tg_1758611100_152367,Ba8JAE3h9YUQnkMFEDdX261Zu8nWpYN7zhad7pYKdaos,2025-08-26T05:37:46Z,tg:1758611100,
tg_1758611100_152396,3wmSZbH7Gw7wmo1zYdDgNZnnGCPsMkpGqqQ5ktVNpump,2025-08-26T08:42:31Z,tg:1758611100,
tg_1758611100_152416,8UrQp6wLwsjqs8pqL42QR6ARpWZNSanDAAQmyDeRpina,2025-08-26T10:32:20Z,tg:1758611100,
tg_1758611100_152505,D8fxudzjPewzXW8UAFaTkQh16A1vXWFQ3sy8qA39bonk,2025-08-26T19:39:42Z,tg:1758611100,
tg_1758611100_152514,3FrMiXyXvDmHVFvNGZduvkC5WNwQuygoWaQchvkQpump,2025-08-26T20:38:23Z,tg:1758611100,
tg_1758611100_152526,7rCrPCf5qTcEAvDC3mH89rjZMetpRDLXZBvqLoPPpump,2025-08-26T21:55:26Z,tg:1758611100,
tg_1758611100_152551,GNHW5JetZmW85vAU35KyoDcYoSd3sNWtx5RPMTDJpump,2025-08-27T00:11:48Z,tg:1758611100,
tg_1758611100_152599,HKyPkm75SaganWyymv7ZQdkBGxBofWnZXmeqjfYSpump,2025-08-27T05:23:02Z,tg:1758611100,
tg_1758611100_152672,Bp7wS2tDSE4Cdvvvj4zP3qkWToJpfWQvdRxZaXmJy9Gp,2025-08-27T10:45:24Z,tg:1758611100,
tg_1758611100_152712,3vz82EWYv8xnc7Cm7qSgERcpMeqw92PcX8PBz88npump,2025-08-27T14:08:09Z,tg:1758611100,
tg_1758611100_152721,D3DmEyC5p7LLkvEmtQX58EwGk5LmjqRJVNRmULRLpump,2025-08-27T14:55:05Z,tg:1758611100,
tg_1758611100_152723,BtgHfcRwgHzWWB4Ut88S9HXFWJSz2AGbm3equSKvpump,2025-08-27T14:59:09Z,tg:1758611100,
tg_1758611100_152733,7qCnRfKu1b42rVQqpmNjMhDWMAXfMBH8VLv7MivFDPyp,2025-08-27T15:27:33Z,tg:1758611100,
tg_1758611100_152761,ELgBwq1jLzxTvrABSZuyu9Ep85LX8HXSbmBLXtZ9pump,2025-08-27T18:05:54Z,tg:1758611100,
tg_1758611100_152779,WfAfq1TMYMXSqqGaAsm53o4tmQv1yMEcqUrT6u4pump,2025-08-27T19:26:52Z,tg:1758611100,
tg_1758611100_152815,HT1uT7DBezV3auothApqkMQZmtwaf8MQg2MVEqFepump,2025-08-27T22:51:40Z,tg:1758611100,
tg_1758611100_152838,5EdrhqufjX1BSduhiYgsGdL3ABLn3iyDGVBr8AETpump,2025-08-28T02:23:54Z,tg:1758611100,
tg_1758611100_152850,BMwEAXDkTPsqdGcVjXKSTwYoRtSrX99hk2qvc9pZpump,2025-08-28T03:06:14Z,tg:1758611100,
tg_1758611100_152876,6Vta1eyGpkQX9AVkYQEf44ygwAhYfh4f8LrMWbQTpump,2025-08-28T05:30:23Z,tg:1758611100,
tg_1758611100_152900,BdsswhDTxBbd9CXA1qjvWA5H537t2BGQy2JuSECXpump,2025-08-28T07:24:00Z,tg:1758611100,
tg_1758611100_152911,7NRZv6B5Smz5EhVzsVMsu676s9SGWYUtTBMfcs1Xpump,2025-08-28T08:09:02Z,tg:1758611100,
tg_1758611100_152961,4Zvie9hYS8b8WQZWxHETDS23DSoCMBNQA19jT4hmpump,2025-08-28T13:20:22Z,tg:1758611100,
tg_1758611100_152972,3BJH3qFDHQuamkv4E1ygCm7sZuJZuQUeNar6fjdNpump,2025-08-28T14:18:37Z,tg:1758611100,
tg_1758611100_152974,CjMeE5yGmLNg1QaiLiJjKEFCKkd3GpaJQDdcEdA7pump,2025-08-28T14:27:25Z,tg:1758611100,
tg_1758611100_153000,79TEA6sYkRRi1bN6ZeZy8MXELpyuS9aBS8AxAaZWpump,2025-08-28T17:16:00Z,tg:1758611100,
tg_1758611100_153023,4UTD4eNL38hiUvF9rFRfh2Y41yeVPCWY3SBqmFKGpump,2025-08-28T18:48:40Z,tg:1758611100,
tg_1758611100_153039,8SsZJx2mGJu5iiwxStbKqiQueQy3Rm6VJJsFMcg6pump,2025-08-28T19:59:10Z,tg:1758611100,
tg_1758611100_153067,7i6aDWp1mkibzg5fbm9KAZZ7eQkusr38EghX6SFSpump,2025-08-28T22:28:36Z,tg:1758611100,
tg_1758611100_153202,EqGEH6P8BwcHN1xiErPMwWf4QT6f8ZHH58QcWif9pump,2025-08-29T12:28:27Z,tg:1758611100,
tg_1758611100_153224,4BVdTQBoWg64JyL3nRUZciANjLSXu2sT6HAcHoKdpump,2025-08-29T14:35:18Z,tg:1758611100,
tg_1758611100_153262,DorTLuLFS52WwK9xnhbkKQpCGQNKUgLgaJ98LVu1pump,2025-08-29T17:58:14Z,tg:1758611100,
tg_1758611100_153328,6UeuWkKNpNw1Nj9X3WmzYwjZ5ExxRWWuPbCgQnJzbonk,2025-08-30T00:42:28Z,tg:1758611100,
tg_1758611100_153344,4JPyh4ATbE8hfcH7LqhxF3YThsECZm6htmLvMUyrbonk,2025-08-30T02:37:17Z,tg:1758611100,
tg_1758611100_153371,2dHg5x2tY2MHrH512TEdsD3tB7yr52EaLQF9xLoPpump,2025-08-30T05:41:33Z,tg:1758611100,
tg_1758611100_153375,Ak5pc1UBRhQ4xAYDCcupFFjPhpXDTACaqKzebjAGpump,2025-08-30T05:57:09Z,tg:1758611100,
tg_1758611100_153388,463vBSJt4CurDqEnojG3ykMy3Lf9GQF2hFV27JeZpump,2025-08-30T07:12:23Z,tg:1758611100,
tg_1758611100_153406,4LiLNV1wxfd56dmbeEpkn2AKFqFr9yqy8asSQJUzMdny,2025-08-30T09:51:17Z,tg:1758611100,
tg_1758611100_153467,eS4Kpm4HkAnzmxHdwTiZnWXnot38LEMQuENTqbEpump,2025-08-30T17:11:44Z,tg:1758611100,
tg_1758611100_153475,DbbNzTsL8yLR3UNxAdmbbzRnP1nxZq5BxmEAixNipump,2025-08-30T17:50:38Z,tg:1758611100,
tg_1758611100_153585,H57gd4TRhsmhg5brTe2bygibAKp2btwS1uEStoUrpump,2025-08-31T05:18:33Z,tg:1758611100,
tg_1758611100_153612,B9iPvm8YybydhvMiKAuJuygEKuzspgxdavhFNzzUpump,2025-08-31T07:53:02Z,tg:1758611100,
tg_1758611100_153640,CmZpbWeDBwGLC8HoVqk2yt4jaXRVFAnxtSdNUmmepump,2025-08-31T11:59:07Z,tg:1758611100,
tg_1758611100_153650,a1aSEQwW5DWTUa8msciWhHfi3279RzBs5RsehmKpump,2025-08-31T12:52:16Z,tg:1758611100,
tg_1758611100_153663,AkuXKTbE8rnYCdpnW8eE1xtKfKfQ3uhwXS3dk9cbpump,2025-08-31T14:15:55Z,tg:1758611100,
tg_1758611100_153700,7XgqvCRy4QmVTs6h4sq5GEB7Jd2iBYLL6LSzFxXypump,2025-08-31T18:09:01Z,tg:1758611100,
tg_1758611100_153737,GPdJrAJa3Qrzwag5aKsM3bq6x3vFF3966QjTaSYXbonk,2025-08-31T22:03:57Z,tg:1758611100,
tg_1758611100_153758,B6dvdDUUYBinNDUT4xsHBSCNu2SKb9P33Z79ySakLREV,2025-09-01T01:26:17Z,tg:1758611100,
tg_1758611100_153805,5AVcKnR5XpR5is9BezjMVGNt8vNunRUPZ7Vv85eCbonk,2025-09-01T09:07:40Z,tg:1758611100,
tg_1758611100_153829,5ec5jw6gD8tCXZmmc59yrWxABBkmM23y6S4aBAjpump,2025-09-01T12:22:18Z,tg:1758611100,
tg_1758611100_153858,CasqeWMxfdfzhohWNA7VHFGkmTxJ8jkv5foinUBZpump,2025-09-01T15:09:56Z,tg:1758611100,
tg_1758611100_153871,8agLBzb7B4QuJpaLF5ckg1vtWKvT3Coxk5Vx6wwJ5h6B,2025-09-01T16:23:07Z,tg:1758611100,
tg_1758611100_153875,ERYH7V18RFsXhq7XGbojkpamb5dw6Qyto4kd1Ripump,2025-09-01T16:54:51Z,tg:1758611100,
tg_1758611100_153886,9coXTmh1pTM1nhYmqd8Y6xHwrQ21qJiYAEAWrnKcbonk,2025-09-01T17:46:25Z,tg:1758611100,
tg_1758611100_153893,6DEa18xxCgx2SgBTJbFdEY6PTNZMWvG2nDv47LHspump,2025-09-01T18:06:09Z,tg:1758611100,
tg_1758611100_153946,FJbgkf8kcpiAfkeEqWd9bLhkebbeiRwowFsc7UXvpump,2025-09-02T00:38:14Z,tg:1758611100,
tg_1758611100_153975,2ubH6Na9xWxXBWfNfQYqSvqLPUXRdEdAgCUcHXCKpump,2025-09-02T05:06:35Z,tg:1758611100,
tg_1758611100_154058,5LvW2idrkf7jAu84NFQ2HJSLGRxdtW2syY93ansd1USA,2025-09-02T15:17:16Z,tg:1758611100,
tg_1758611100_154072,DNdKwP5oZ4m4Q4dyenD9tafBm8aV5RZU1sNsgiJpump,2025-09-02T16:17:19Z,tg:1758611100,
tg_1758611100_154145,FxVxbhxq4xqAjSjVCsYNFHgVr44hF5i5CnSTpgNvpump,2025-09-03T01:26:42Z,tg:1758611100,
tg_1758611100_154204,HGwdb6RQsMTqXpjBiy5BEAXHcpanmJr3c1Dj84r5pump,2025-09-03T08:07:42Z,tg:1758611100,
tg_1758611100_154226,C6pTsozfVGuJmXHkke3GTkhPeuVkPfdvjZXTDGZ4pump,2025-09-03T10:15:02Z,tg:1758611100,
tg_1758611100_154260,Chp53HVmU6odzDR8PYGPTDcf4CHGAf94EqMfV7dmpump,2025-09-03T13:47:26Z,tg:1758611100,
tg_1758611100_154263,BavfvxRdmGgw7U7bnoHmCcQGtQeMQBvAjQMeHbd3pump,2025-09-03T14:03:43Z,tg:1758611100,
tg_1758611100_154265,Eb1DdMb1GbQYfe2uTNmHGh8PsKPgmNVFY5Mpw1Crpump,2025-09-03T14:16:52Z,tg:1758611100,
tg_1758611100_154285,dh1yPPKTsqR25aVVpbp24rHTjc7VbyhFPGiQyrypump,2025-09-03T16:04:39Z,tg:1758611100,
tg_1758611100_154295,ZYtQxEH4Gyh9u9R213dqnJHGCAHe2e8nrA2BUAspump,2025-09-03T16:59:48Z,tg:1758611100,
tg_1758611100_154311,Bpn5fBwEzdECAgbFLdPSooZtEEXbBVLhE821wi5cpump,2025-09-03T18:23:18Z,tg:1758611100,
tg_1758611100_154353,AeQZFhK86umyvQD9HhW7YrNC6RmL8a6EUJfTRJE6pump,2025-09-04T00:21:35Z,tg:1758611100,
tg_1758611100_154401,7517epvhcmJWan98S1HMXvdhwT22JhVJZSLYV7UaYb19,2025-09-04T05:35:07Z,tg:1758611100,
tg_1758611100_154462,4Fdkbm3Mam7CYntp86aT82VQSdLVePYwjPzPejeJpump,2025-09-04T10:04:18Z,tg:1758611100,
tg_1758611100_154493,GLGfrAW1yroEQCEz4mdmXE2YF8UPfYma4t9wDbwjpump,2025-09-04T13:26:03Z,tg:1758611100,
tg_1758611100_154504,5S6kmVb9n1r1CqDRxufxSZGySFGTWRid4P7zWQnHpump,2025-09-04T14:18:37Z,tg:1758611100,
tg_1758611100_154518,Bbq9nEcKL7jfRyU6LunTqPY1UYBbYA9xyjcmrJSXpump,2025-09-04T16:22:19Z,tg:1758611100,
tg_1758611100_154527,FJHBGp7c64qZ6mmNhLase9NikjbGFoJKpjYBcZhGpump,2025-09-04T17:36:44Z,tg:1758611100,
tg_1758611100_154540,LFgEDqhDR8m3K6dzai722SDL7u5KkjfLNBM4gJBpump,2025-09-04T18:15:33Z,tg:1758611100,
tg_1758611100_154558,3Gdx9LmKZJyciSz3mbge3YKLqskiMG71m1iDMPAwpump,2025-09-04T19:11:48Z,tg:1758611100,
tg_1758611100_154599,6zsNXPkpGHaf8p71wThVTxr5fhtG8yKHw2TrkiKqpump,2025-09-05T01:07:55Z,tg:1758611100,
tg_1758611100_154639,GaPbGp23pPuY9QBLPUjUEBn2MKEroTe9Q3M3f2Xpump,2025-09-05T05:48:06Z,tg:1758611100,
tg_1758611100_154645,8crjktS3h1qG9DMzVGhpYAekedLYDHpma2HcnSRSpump,2025-09-05T06:26:17Z,tg:1758611100,
tg_1758611100_154687,5XW1SaAZyBrptY6Bi5BvjUg699mRkNXc8yR18Zaapump,2025-09-05T10:24:11Z,tg:1758611100,
tg_1758611100_154730,yrDLKgRKqTBvXPqzW1DN1t2dce4isrxRweCvRMbpump,2025-09-05T14:40:10Z,tg:1758611100,
tg_1758611100_154752,5w7BLtvcwrDZxc3ruQkxUgb5k7Xo8V2N8ac3u28Hpump,2025-09-05T16:36:10Z,tg:1758611100,
tg_1758611100_154758,M3NC8TeMfosXhHLZC26BP8Et2h6ozcCXYF18nx4pump,2025-09-05T16:53:11Z,tg:1758611100,
tg_1758611100_154762,B8RHrVBxSjBGKqAbn1tXo6CWjvt5jFkkqjbCZtuDpump,2025-09-05T17:28:51Z,tg:1758611100,
tg_1758611100_154778,GftPNcj2X2Q9NRvWTyWKwfY5c9zNneapo9xbPgpcpump,2025-09-05T19:13:53Z,tg:1758611100,
tg_1758611100_154790,4N6vT9HEjASchkYe6Cx6KLZPsNnFHA76W9sL1f7epump,2025-09-05T19:57:12Z,tg:1758611100,
tg_1758611100_154813,BS3ZzJjt14oPwj8fMhckhQknuWpiv1txwhegxdEUpump,2025-09-05T22:50:50Z,tg:1758611100,
tg_1758611100_154815,JXF1GE6gUWasYB3PCWKXuEJy47opGimEzxmbChDpump,2025-09-05T23:26:50Z,tg:1758611100,
tg_1758611100_154836,G4Z2UAJMZ3L3drtKLcGRG5LzyF7MySzn8NTW94nSTART,2025-09-06T03:01:14Z,tg:1758611100,
tg_1758611100_154897,7o9nv5MPTzvx1Zbd9CGPBuiYKHii8zLZxJBKnyfKpump,2025-09-06T08:41:14Z,tg:1758611100,
tg_1758611100_154912,BV3PUxYhLs1X859A8ev7QaGnQLESnqY7kTaak3Aepump,2025-09-06T10:33:55Z,tg:1758611100,
tg_1758611100_154924,8ZVFtcC2Ma5VEXzzNEJ8VQE3LKbmyW2sxU4tnfAbpump,2025-09-06T11:41:51Z,tg:1758611100,
tg_1758611100_154953,FLBnJ5GCoqdKvNGg9YDp1E4jhowdrcgVFUVuDYKepump,2025-09-06T14:24:53Z,tg:1758611100,
tg_1758611100_154959,6HpkbPgZADvXfx7e2u6g478vMwVMyGhpqHyg1Zo4pump,2025-09-06T14:46:22Z,tg:1758611100,
tg_1758611100_154965,2LsescRjhcxoUwEQLpcsd3Gh6AHUyqEHANDakkoSpump,2025-09-06T15:14:20Z,tg:1758611100,
tg_1758611100_154987,Eu1piacNc7frnAxYGGB9GWWWWM5vweRGfob2r7Jkpump,2025-09-06T17:39:32Z,tg:1758611100,
tg_1758611100_155016,Fv73EXJBRfctJzLVC3P7uQP6er6JU8b4KtDr4LQFpump,2025-09-06T20:59:56Z,tg:1758611100,
tg_1758611100_155038,5KkdMvavW7wRNiGs4AWrFGPPVDYLkBvKrixT2qNx3X6b,2025-09-06T23:32:09Z,tg:1758611100,
tg_1758611100_155117,q29umWshmh2fmm1CdRb4cBKhqtW9xX25ezNQi7Bpump,2025-09-07T10:26:45Z,tg:1758611100,
tg_1758611100_155120,HfndC7JXTLjKQkQFy2GuRpTBvBSBymeC9TzSQ4pApump,2025-09-07T10:38:26Z,tg:1758611100,
tg_1758611100_155148,21TFGxymLzASEW15dEZKmxgFEQrRiHB9m1aVaEmqkr43,2025-09-07T13:22:03Z,tg:1758611100,
tg_1758611100_155192,5CUvx3h8VqB1AQufdHQNCGYkWX8WZ8t41GeRvyNNpump,2025-09-07T17:05:16Z,tg:1758611100,
tg_1758611100_155194,BP8xvhTXJKWwNNwgc4TAhM5tWcLx4pEVRTFUr8dpump,2025-09-07T17:12:12Z,tg:1758611100,
tg_1758611100_155219,AQ4rLoT7Ft8GGTejbwJ5QJY9dkTveRASCSo4pPhepump,2025-09-07T19:30:54Z,tg:1758611100,
tg_1758611100_155342,Tf2MWaogD1tU1aUVHTFPysfYrS1nKc9zqrdtby3pump,2025-09-08T10:01:12Z,tg:1758611100,
tg_1758611100_155347,6Ju5WfBjHpZd4u3jBBrnTkKAc9kUVnzrinyWNAWZpump,2025-09-08T10:29:10Z,tg:1758611100,
tg_1758611100_155365,Bg2mB1iu9KBCEgw2oSaugHWFV8gBfcicVd3TMJhpump,2025-09-08T11:47:18Z,tg:1758611100,
tg_1758611100_155379,BKmYE8w1GEQ6khhLkvMj4ULvV4Gq7zLfJZSgsHE5pump,2025-09-08T13:12:40Z,tg:1758611100,
tg_1758611100_155390,A1KeUEAYwDY9B72pfJtsHfiJq6yCa8dJgJYGYxYJpump,2025-09-08T14:21:18Z,tg:1758611100,
tg_1758611100_155402,5GTHWEUEGf43m9nUMmmVgdk3iEFDn63zkjqqxzHypump,2025-09-08T15:49:36Z,tg:1758611100,
tg_1758611100_155421,BhBXC3b9n5pmNVCCcqzFs4mpBS9ewa9nuVhUxWyWpump,2025-09-08T17:45:25Z,tg:1758611100,
tg_1758611100_155443,EPmuRPmvB3eQYrrF7F7ucE2ndfs1JSGimTX8ZPQKpump,2025-09-08T19:30:36Z,tg:1758611100,
tg_1758611100_155532,9vyLnN3TYexVA2fZ1fScHWfXdkye4XnEsGX5gfW7pump,2025-09-09T06:38:50Z,tg:1758611100,
tg_1758611100_155559,uPXPhEXb8cP1jkd1xrrbxJSMt47TSEEKRvu7jS4pump,2025-09-09T09:07:39Z,tg:1758611100,
tg_1758611100_155571,CuAf6DUJdcav2yASqyZzkE7EPmwU1VyuRe1z56Zfpump,2025-09-09T10:20:02Z,tg:1758611100,
tg_1758611100_155599,HXjiARvkzib4NabiMGS6GPsb5xTGyDpuympVHzP3pump,2025-09-09T13:18:35Z,tg:1758611100,
tg_1758611100_155621,C33Uvggg36n21hoxE4oHDXbCj4vZAostY1VrtpU1pump,2025-09-09T14:51:15Z,tg:1758611100,
tg_1758611100_155709,9ujsPtkknRL8eFEMqm7dY9WjkLJfLaiEiGD2BmNYrf5C,2025-09-10T01:44:16Z,tg:1758611100,
tg_1758611100_155815,6q4Ze3r8UnxiHHxz9yQyrFQYMMhPTeJNdZuzumn8pump,2025-09-10T11:58:27Z,tg:1758611100,
tg_1758611100_155820,CopSwLSZqp7kSavauEWvUJtqSmSjrsxzqHtxza5mpump,2025-09-10T12:37:20Z,tg:1758611100,
tg_1758611100_155842,6WFRbGhbo5BKvHsJxZ9NT6PUuLV5cBFLNujW58QSpump,2025-09-10T14:55:04Z,tg:1758611100,
tg_1758611100_155849,E3ZhgjvfFNKmtypCEWHPZpRPeoo96VDNuUrFgGVYpump,2025-09-10T15:35:44Z,tg:1758611100,
tg_1758611100_155871,5faknDGCu5MRuCxQFShzWw1vRRxNGrhEL1xAudnpump,2025-09-10T17:05:10Z,tg:1758611100,
tg_1758611100_155884,CsKfV8ePhQWiyQxNJwXhKZHcmUyNWBkHFGrkZGdJpump,2025-09-10T18:41:20Z,tg:1758611100,
tg_1758611100_155888,GDQAp8fqv3Zi1rLGQqjrJoZFCVxTd3PpiDFejWN6pump,2025-09-10T18:51:23Z,tg:1758611100,
tg_1758611100_155909,GXgE2FgrvyvU4z5KtuFsqLrsgqYgv1dkNBfktyvTpump,2025-09-10T20:28:39Z,tg:1758611100,
tg_1758611100_155946,BAYS4f61rUHArBZpt5U8hzi88JVNhFUxSEA5MWkwpump,2025-09-11T01:16:43Z,tg:1758611100,
tg_1758611100_156029,AcNia1KNYeaDAuswtpJJZpPqzpuFNyvjd7LbxMXSShji,2025-09-11T11:06:43Z,tg:1758611100,
tg_1758611100_156031,53StdSEdAH85JwntePQf6WfSdULeqFxVs4y9KS8Mpump,2025-09-11T11:19:16Z,tg:1758611100,
tg_1758611100_156033,C9MF7E8iQncMHVpLA4Dx4ebea1LCjX16h2Ykkz1npump,2025-09-11T11:32:01Z,tg:1758611100,
tg_1758611100_156092,9JmjPw3xFR3EmuR4dbixpkpFbdCF13YepVXjDGnpump,2025-09-11T17:09:48Z,tg:1758611100,
tg_1758611100_156097,9eEwQFkS1tSTCHqTHdPHa6R9broq1NKdyubReMP7pump,2025-09-11T17:34:52Z,tg:1758611100,
tg_1758611100_156099,BnAiMFh71MM5J3y1Yzaac8VWjARuz4zdwB3TTrUApump,2025-09-11T17:43:46Z,tg:1758611100,
tg_1758611100_156102,BAuDyP1b16ZnsYqHywHzp7cuSPdkfGijQckXv3HjtREV,2025-09-11T17:59:17Z,tg:1758611100,
tg_1758611100_156118,AdAzYBu28a4nCKjUBVAmqVN8DUZaWjXW2c95n6QRpump,2025-09-11T19:25:02Z,tg:1758611100,
tg_1758611100_156120,PdAM4b27ZG2iU4RqKfSMGepk7ENMYjJjZL3CGPupump,2025-09-11T19:31:38Z,tg:1758611100,
tg_1758611100_156125,k3LobZc5BiZGYykxquAUGM8covay2ZFG5U3jZpZpump,2025-09-11T19:59:33Z,tg:1758611100,
tg_1758611100_156142,26vHfdaUa5YrmUBvdEGgq9g5rrkka6zJbZfCSJbrpump,2025-09-11T21:42:57Z,tg:1758611100,
tg_1758611100_156167,7Pnqg1S6MYrL6AP1ZXcToTHfdBbTB77ze6Y33qBBpump,2025-09-12T01:35:33Z,tg:1758611100,
tg_1758611100_156227,DgTLU71QF3vijyd4oSDGvrToCdyb35prFx9B6m2rpump,2025-09-12T08:44:08Z,tg:1758611100,
tg_1758611100_156279,686vqt3vpmRdrKq3nE7wQ83cTFxFcJow4tEmXZzpump,2025-09-12T13:42:51Z,tg:1758611100,
tg_1758611100_156281,3W3SKnvpeGnf6hUcF3uJTMKBUUpc3ApPeoFTNPZTpump,2025-09-12T13:49:27Z,tg:1758611100,
tg_1758611100_156305,HdY5ffXGBNXnWbUL5Vz2deNHCwHoqmnH5jkAgTC4pump,2025-09-12T16:21:44Z,tg:1758611100,
tg_1758611100_156326,5QpdCRErjGzzgRT2PJtQxmstQx1jJC2WRTkEbP2gpump,2025-09-12T18:27:40Z,tg:1758611100,
tg_1758611100_156404,AeC6gDVMYmrqKnp4GxLpB7bt3rjpbqZzuzn22s5spump,2025-09-13T03:22:12Z,tg:1758611100,
tg_1758611100_156428,HegMoXeaVf8sUsHsqW8KEQtTzwHGZKuK5y8sMSCNpump,2025-09-13T05:27:54Z,tg:1758611100,
tg_1758611100_156505,CD8QZp4s1cJPC9y447eGGDgCDqoZS9HKgYzxetYBpump,2025-09-13T14:08:12Z,tg:1758611100,
tg_1758611100_156528,moon3CP11XLvrAxUPBnPtueDEJvmjqAyZwPuq7wBC1y,2025-09-13T15:57:07Z,tg:1758611100,
tg_1758611100_156530,Fzpo8vGJRRB9d8h9hv5FdNuvskTSXc55GGFvNpZupump,2025-09-13T16:16:04Z,tg:1758611100,
tg_1758611100_156537,4hC8EEK11gtaxj4siUH8HAMRyZxEqnswhMZPdRRppump,2025-09-13T16:58:30Z,tg:1758611100,
tg_1758611100_156554,Ftv9aEL4BfZHU6sG2c38usHh1G4SETeQ8EDrWxRCpump,2025-09-13T18:59:38Z,tg:1758611100,
tg_1758611100_156595,8taLKD4UZJRx7AZjJLXWaZuXH6SicpZoHUdSUXb9pump,2025-09-13T21:57:10Z,tg:1758611100,
tg_1758611100_156636,HQDTzNa4nQVetoG6aCbSLX9kcH7tSv2j2sTV67Etpump,2025-09-14T02:58:30Z,tg:1758611100,
tg_1758611100_156662,6PdCvYeob9tsbwhrJQDfwYvMr5yv3Sr4o1JBVJFepump,2025-09-14T05:33:40Z,tg:1758611100,
tg_1758611100_156677,6xGQwRofbjRrpRMcZo9nUjHx5QjdX3oZF7bwA6s6pump,2025-09-14T07:12:12Z,tg:1758611100,
tg_1758611100_156687,7LWigPNGuzz6qgfQqk3dhKHsC7VcRzxT68SkCQUepump,2025-09-14T08:03:41Z,tg:1758611100,
tg_1758611100_156711,5UB6vnMU7b6khnUjCoPqWbXCdmJWssWREJDwH147pump,2025-09-14T10:34:30Z,tg:1758611100,
tg_1758611100_156728,4bLnK5YuJaqkVX4uWtJ1Qtx3XoZ8eHH37STXSwujpump,2025-09-14T12:29:47Z,tg:1758611100,
tg_1758611100_156783,A2vb8eA7HiRpb19fA2Dxz3XT8Mb1XxuNC6Su4aThVeLo,2025-09-14T16:54:49Z,tg:1758611100,
tg_1758611100_156786,9krpWcDxrDfT8VenbaMYqjP3ogoZk86MoGYMax6rpump,2025-09-14T17:09:52Z,tg:1758611100,
tg_1758611100_156860,J8Z8YVAy2MdtVZXxq1bbBjQJ949TQhtiNVPmSqGapump,2025-09-15T01:19:22Z,tg:1758611100,
tg_1758611100_156889,DfWGKkDHaDoWJJYVVXkhXYYUXDyKT2qW1BZwxdogpump,2025-09-15T05:07:54Z,tg:1758611100,
tg_1758611100_156918,jHXLEMFwPgjdmB7DtQCvvKPadY62qqfeVmwBmbapump,2025-09-15T08:08:17Z,tg:1758611100,
tg_1758611100_156932,FyB8VxxYAaVVchAgbB1kvjWdw26ovaD4ipwV1j8epump,2025-09-15T09:24:34Z,tg:1758611100,
tg_1758611100_156954,FfEnpgN7vN74K3AxP6UEfSy7GYhdWQthq8PtPbCupump,2025-09-15T12:07:52Z,tg:1758611100,
tg_1758611100_156963,5wW546BMzWFbgsBYSr7XvG2ki8sCVCXjHVZ8a6YBpump,2025-09-15T12:42:31Z,tg:1758611100,
tg_1758611100_156982,64dsyhWGZW1yup18wCHjv3KnTK1dwJVHV7a2wtvqpump,2025-09-15T14:07:24Z,tg:1758611100,
tg_1758611100_157003,G6B4TG26NBQfRdJ4uivrVuEhCrt2NC5qxV6HUBjApump,2025-09-15T16:30:17Z,tg:1758611100,
tg_1758611100_157012,3bNEHtxwGUkGUJwQdutjFHFU39mcFeQy8arPzPeapump,2025-09-15T17:12:14Z,tg:1758611100,
tg_1758611100_157069,3BrXeqzNKUKsM6MgkWFZX4E2cY8SiwYNwwmVzP2Rpump,2025-09-16T00:53:23Z,tg:1758611100,
tg_1758611100_157103,4WegBLE4BpFM89EHuRy95proKMjrvydbtiTzrNVqpump,2025-09-16T05:38:21Z,tg:1758611100,
tg_1758611100_157115,AGVThMvTdy7bGv6bHxGMzNRqeJVFXztS5SqG45ozpump,2025-09-16T06:50:38Z,tg:1758611100,
tg_1758611100_157150,H6gBc65mKd2g8ZhKd56EQ1kRwFpC2pt5DA778mtcpump,2025-09-16T10:35:58Z,tg:1758611100,
tg_1758611100_157156,23Fg93TH9qnhMuTL4zTqZAYTsMztieA9bhWUixu3pump,2025-09-16T11:04:22Z,tg:1758611100,
tg_1758611100_157202,ESJy7EVySoXbYvkq1V2RcDXYUicyZVe8hBHQeoDQpump,2025-09-16T16:30:56Z,tg:1758611100,
tg_1758611100_157207,CmLrhRd762bfytq6f3ZV5iuivN1Q8oyPw4evyW4Mbonk,2025-09-16T17:11:05Z,tg:1758611100,
tg_1758611100_157309,AMKKkovbUqr5cxmsg22KxTgaRXq6z4f8umrze4JKpump,2025-09-17T06:31:58Z,tg:1758611100,
tg_1758611100_157320,HtsNMnhMfdCrewaNy23SkyEurcEBsBq6rokXVLZNpump,2025-09-17T07:30:11Z,tg:1758611100,
tg_1758611100_157427,6b86Mz2NQsjhew4MLAz8VHTpsVJAypZtyRHJ5YeMpump,2025-09-17T18:44:32Z,tg:1758611100,
tg_1758611100_157430,9iQikUHRe69UScUaytfQabQDmZRqtTkjCEF94ZV5pump,2025-09-17T19:09:29Z,tg:1758611100,
tg_1758611100_157473,HnqygYrhBfFMKTME8G5migrsNHA8MJ3Hhiuk5UqQpump,2025-09-18T01:33:11Z,tg:1758611100,
tg_1758611100_157487,GMvCfcZg8YvkkQmwDaAzCtHDrrEtgE74nQpQ7xNabonk,2025-09-18T03:57:07Z,tg:1758611100,
tg_1758611100_157496,8erRtd8mLgNcNoWy2bhMdTgZyXaRR6u7t2hyXRc1pump,2025-09-18T05:21:05Z,tg:1758611100,
tg_1758611100_157502,JAzQRVSFhtp6nqmkdRaFY7CDuu1B3c25iGG68EHMpump,2025-09-18T06:16:01Z,tg:1758611100,
tg_1758611100_157512,9fc7RotETxP1DQUwcrhHauVjKGpNQDYMsTrf4hQKbonk,2025-09-18T07:26:39Z,tg:1758611100,
tg_1758611100_157517,44DNPJ2qisA7MMaUmKK5SXvAcPyV7bEzmnK7oYJkbonk,2025-09-18T07:54:33Z,tg:1758611100,
tg_1758611100_157574,7Rw4dgDuwESJEcCAbhxAghLcmkXM5QotupWq8PPc1UeC,2025-09-18T12:29:57Z,tg:1758611100,
tg_1758611100_157589,3xqp9ybyD9ijcwwt2GVja1WFVioFZxgc283Jma2Spump,2025-09-18T14:13:18Z,tg:1758611100,
tg_1758611100_157613,8z55m3BmsPkmDfi5b5dAomBvYi1cDmW92hrEJTLdpump,2025-09-18T16:59:58Z,tg:1758611100,
tg_1758611100_157675,B9554Qb4g3fWSfaySjoXBR3R9jcg3cLFmnED44DZpump,2025-09-19T00:10:36Z,tg:1758611100,
tg_1758611100_157761,BSWZxefmqkAErczR2v36CK5fUzNnBipch44LqgmDpump,2025-09-19T09:55:43Z,tg:1758611100,
tg_1758611100_157764,ARyMXvnjPEUZcdqCfr5Qb9tk6jZwh9YvNTQt2CAcpump,2025-09-19T10:17:40Z,tg:1758611100,
tg_1758611100_157775,9AvytnUKsLxPxFHFqS6VLxaxt5p6BhYNr53SD2Chpump,2025-09-19T11:02:02Z,tg:1758611100,
tg_1758611100_157780,GjAUSL7HiPDDAKFPKoXxteCmqmd2M4VSKrETYqo2pump,2025-09-19T11:17:07Z,tg:1758611100,
tg_1758611100_157794,t6Z8Qh7eRn6ikRiL4DeoieTkFz3YtmamDwZQK2Spump,2025-09-19T12:42:10Z,tg:1758611100,
tg_1758611100_157803,HQwaSJkbJ5xThfFHxdsQXSyHMW5zZSUVDaNsv7E6bonk,2025-09-19T13:13:00Z,tg:1758611100,
tg_1758611100_157817,9zFU5vR7YNBzZU8HwJLUKjoDEonpgvHUdLbMgBa7pump,2025-09-19T14:18:58Z,tg:1758611100,
tg_1758611100_158018,AnKdvsKiZSCVWw67AcuFcwBmmftG8JjhAgaShXnopump,2025-09-20T14:05:16Z,tg:1758611100,
tg_1758611100_158128,CoSnRo1yntEz8NuubvFYuyNNjYacQCpMJHotbHrifTG8,2025-09-21T00:52:41Z,tg:1758611100,
tg_1758611100_158204,DnPA3vTmXVWHzUV4XcFsRK84Af9XmZfcCdB8eitjpump,2025-09-21T09:26:33Z,tg:1758611100,
tg_1758611100_158248,2ktfSdqv5Te5XRFo4Do5U21RNGKiyuWbQatXp7p8pump,2025-09-21T14:53:07Z,tg:1758611100,
tg_1758611100_158519,EMg2QkFZ6pLvgckVGj8X6nmyrkiuoamYnTdoxXN8pump,2025-09-22T21:26:42Z,tg:1758611100,
tg_1758611100_158800,AHyRdt9xRMKnppx3Hxb1kNYXvfzdmkPQsybcJuU9pump,2025-09-24T07:46:22Z,tg:1758611100,
tg_1758611100_158836,5H1jkA7erRxwD8uqH8KimMD74ctjUYBd32rbp2jubonk,2025-09-24T13:10:29Z,tg:1758611100,
tg_1758611100_158852,J5q5v5jkmHrfrRP5yo9JpSjBmhtG7xBHeo2N3TTKpump,2025-09-24T14:29:17Z,tg:1758611100,
tg_1758611100_158860,CKVZPWFPaJArEaPnk16CXpFtFXjuCxCh95vBcS3Ppump,2025-09-24T15:20:31Z,tg:1758611100,
tg_1758611100_158920,3GZMdhfAHFBseMfi4SVaGPb6MUmf2pLkL78nfzSMpump,2025-09-24T22:00:53Z,tg:1758611100,
tg_1758611100_158935,HEYPD8X2jGBZETjHhnuoTuKG5h5T2WB29LBts1wjpump,2025-09-24T23:53:50Z,tg:1758611100,
tg_1758611100_158975,AzEY5mrpDkQDoCZyU8CZb4fv8XQgJz2tWB8E6hF9pump,2025-09-25T05:54:51Z,tg:1758611100,
tg_1758611100_159002,4Ds7cxJ82gm34gV22zo2LjPdX3nFbQk9PXK7mjX4pump,2025-09-25T09:25:11Z,tg:1758611100,
tg_1758611100_159009,6jnGFtSVx4caXkNhumbRpzAuW72XMSZcU4wEHFxdbonk,2025-09-25T10:07:06Z,tg:1758611100,
tg_1758611100_159057,xxxgjrRmEtAeik3fpkftHA6ncHjfDWWN4T1zUYQPm3z,2025-09-25T15:28:22Z,tg:1758611100,
tg_1758611100_159176,6vVfbQVRSXcfyQamPqCzcqmA86vCzb2d7B7gmDDqpump,2025-09-26T06:28:14Z,tg:1758611100,
tg_1758611100_159270,GyNXDNhNukweEhSv6eb2BvT4ZfcFWtN3jKNskiX1pump,2025-09-26T16:41:34Z,tg:1758611100,
tg_1758611100_159323,9VBains4fvz6hoyZyuvBcVjA6syGmvVPEW5GGZ14pump,2025-09-26T22:13:54Z,tg:1758611100,
tg_1758611100_159356,ALR5X2H6THn2VDPoMtkVwxVktcN1kQGvxCwLfejzpump,2025-09-27T01:54:25Z,tg:1758611100,
tg_1758611100_159384,7XMWYPy1ZSrXabMJQNez9bbpxuLcHRT5Rn6ucM4Upump,2025-09-27T05:22:42Z,tg:1758611100,
tg_1758611100_159458,FjMWnP1TuBXYmUSZw4ncbK6v1soaCB3fsQmpfepybonk,2025-09-27T13:43:00Z,tg:1758611100,
tg_1758611100_159512,8WrW81AnZxcW6gDaM8J9XnqEwt3WX9Bskw8nmRCt66PA,2025-09-27T19:37:04Z,tg:1758611100,
tg_1758611100_159582,CQgJbKsn9fMs8Zxmjv1gz1PzttDY2zjAnqsohW1Lpump,2025-09-28T04:34:45Z,tg:1758611100,
tg_1758611100_159640,3MRKEgWuVjqVtMinkH3af9WosGuXgKrmgLyV5UFQpump,2025-09-28T10:12:24Z,tg:1758611100,
tg_1758611100_159685,8sbaCMtqUKHwmPkBfe1m4u738u4MjvTCDbRXLDjppump,2025-09-28T15:31:29Z,tg:1758611100,
tg_1758611100_159849,42eAx38fx3SP8rHEKSZrWz27UsQzJzbxeckQszEFbonk,2025-09-29T12:11:01Z,tg:1758611100,
tg_1758611100_159859,GDZrnq4NkpCM4Fixxg5LhxoCDTPwXLXPdZShAeiJpump,2025-09-29T12:54:09Z,tg:1758611100,
tg_1758611100_159948,4mDSnA46QRRoTKKTuwBqizRtwq9qNLM7bZtHgMx2pump,2025-09-29T21:23:03Z,tg:1758611100,
tg_1758611100_159973,4tjXKVqqQea4XJSYkdeqm38HqLVhtjtNBMFJspRXpump,2025-09-30T01:54:42Z,tg:1758611100,
tg_1758611100_159977,6N1myX27SLSnb4fnArFAF3yNc98VXCUopZAqyzExpump,2025-09-30T02:12:57Z,tg:1758611100,
tg_1758611100_160056,Gi3vuXnFJevwrjKQMzher3dsPNwNeNn5H9etwC84pump,2025-09-30T12:53:42Z,tg:1758611100,
tg_1758611100_160059,fCnJAiAGhppNQQuw3vC6HQ4mLDJP3T55sG7m7TFpump,2025-09-30T13:01:05Z,tg:1758611100,
tg_1758611100_160070,51MyT1MHfVU4jzasM6BBJu7WTJLtfrXnqrQ8DZTspump,2025-09-30T14:25:41Z,tg:1758611100,
tg_1758611100_160119,6FAkAxZ9ZAyEQMT1F1GqavwJA1cnA15W65RbwAcnpump,2025-09-30T19:30:26Z,tg:1758611100,
tg_1758611100_160130,F6REYazrPBefMnENQLySWKdHP3qsj48qfjv9oV4Wpump,2025-09-30T20:37:09Z,tg:1758611100,
tg_1758611100_160172,E2gLkTXSbbTMmJM19xkquawun2ShJSi7G59A8c2PtbFa,2025-10-01T01:32:01Z,tg:1758611100,
tg_1758611100_160282,5axHq5FhjBhnU9sUjSXGNMRXrGw61WWCfbfKQ863pump,2025-10-01T14:08:25Z,tg:1758611100,
tg_1758611100_160303,B6iUpTfG5uTDkyo1GbqgGrAycwviEF8C7PkVsAToSHM,2025-10-01T15:59:55Z,tg:1758611100,
tg_1758611100_160321,C5dung8xf2vxRmygs9EtydtvwNtZo1xfQvBdG1Htmoon,2025-10-01T18:15:10Z,tg:1758611100,
tg_1758611100_160326,iBGBBuT35ajvcGSaKsjLaD4XMk7wx8QGvzE4JQHpump,2025-10-01T18:36:23Z,tg:1758611100,
tg_1758611100_160396,G2hHtJDa9cZc3m9w7vHJkUSz3y9LaUjTbexQP1uppump,2025-10-02T04:37:24Z,tg:1758611100,
tg_1758611100_160523,EhAus87aJPwamRnLoccYa8LXXShYLRdroiEJUyxZpump,2025-10-02T16:52:07Z,tg:1758611100,
tg_1758611100_160565,39WbVpCXBTqCD14xFerdy2ihk5SntV14wix7y8NFmemE,2025-10-02T20:24:11Z,tg:1758611100,
tg_1758611100_160749,7QJdMieUxppWbamYFcXSDamVdZWFJ8aQAqz8oeBT2GQc,2025-10-03T12:01:21Z,tg:1758611100,
tg_1758611100_160804,AA8nmXa7fwfYjYtKEaKwkcCKJL5UmkvXYXE7NVmspump,2025-10-03T14:56:12Z,tg:1758611100,
tg_1758611100_160856,CGvnkj4jH7AkTzhN9w117fMKqZ9cY45DV3DHd4m3pump,2025-10-03T18:54:44Z,tg:1758611100,
tg_1758611100_160994,BLbkjnGSpU8NY6AnBRENPTmfeLfdw63rAYqc4gMfA2Tj,2025-10-04T09:49:32Z,tg:1758611100,
tg_1758611100_161074,F8YifePrXyE6VJw9bZChc2sJqLNK9h9q2MwCgP2Upump,2025-10-04T15:58:37Z,tg:1758611100,
tg_1758611100_161168,CigZ6CQpM4Vk8Fo92XAEQGLWtauXYNe5LEVt849Gdoge,2025-10-05T01:38:51Z,tg:1758611100,
tg_1758611100_161252,Ao149kwNhBUb16ErbydwcsJMfYamdUYpzF7R2zVWpump,2025-10-05T11:27:37Z,tg:1758611100,
tg_1758611100_161302,2RfXjaiepngcBuGgPLtdnH22g68eetpgzCDX44Hnpump,2025-10-05T15:03:59Z,tg:1758611100,
tg_1758611100_161550,HBB9ZWZb8CFLrTB1ZV4xFuvmubwsCPAjZSRzFuVPpump,2025-10-06T15:14:52Z,tg:1758611100,
tg_1758611100_161592,WYBx91tKC2aZW6oNvNSEbzgwUbRAZ9mibFrLwqdpump,2025-10-06T19:09:55Z,tg:1758611100,
tg_1758611100_162439,8ZEfp4PkEMoGFgphvxKJrDySfS3T73DBfxKCdAsPpump,2025-10-09T17:59:30Z,tg:1758611100,
tg_1758611100_162504,7MNmTHmW7Lgqua9wnesU1TcUEKE11gfLz5kwQ5fupump,2025-10-09T23:30:30Z,tg:1758611100,
tg_1758611100_162635,64BX1uPFBZnNmEZ9USV1NA2q2SoeJEKZF2hu7cB6pump,2025-10-10T12:21:59Z,tg:1758611100,
tg_1758611100_162650,HRwo5GY87abyVy5tzW3g1RtgjrnxUEtWfDL7ftpjpump,2025-10-10T13:12:32Z,tg:1758611100,
tg_1758611100_162790,2aVSPo9CU9uqARrqV67WbeE4fXMME78W7HgRfET1pump,2025-10-11T06:13:40Z,tg:1758611100,
tg_1758611100_162808,2TEy8cA4bmYSrA5Y2VbifUuzbeS764K6YtbibHAspump,2025-10-11T08:59:59Z,tg:1758611100,
tg_1758611100_162815,EZhonnvYkz1JiEMoPnDM1jrv4Z8BXoQ2HA3Vrk9vpump,2025-10-11T09:57:40Z,tg:1758611100,
tg_1758611100_162877,7M2nFbfFvXASDoA3cNFi2YcYQD7o7sJKfPGbC5E3pump,2025-10-11T16:53:37Z,tg:1758611100,
tg_1758611100_162897,7oZCgJNtCFvBNBNx7S1Nza9TwfzSNaovXMkfnk4gpump,2025-10-11T17:59:18Z,tg:1758611100,
tg_1758611100_162900,EnirBASPTgsBkT3CPPEgT7Gir137f7MHSAPTHSJ3pump,2025-10-11T18:11:39Z,tg:1758611100,
tg_1758611100_162912,2iN8g55g7zWyCqre6T4AcnZpxikGroCpzKLi7s1Spump,2025-10-11T18:59:38Z,tg:1758611100,
tg_1758611100_162921,2f6KPSCVdn5qaGjx96UnzMVHThAqDFuNKrfYcffdpump,2025-10-11T19:40:09Z,tg:1758611100,
tg_1758611100_163032,FmJBuuQ5nhsbAZ5mA41fQn7AtAQvTMFtMMYc5mjBpump,2025-10-12T08:25:42Z,tg:1758611100,
tg_1758611100_163047,B5icQxpFu4H7iZV32SiCBkeJBXyA51WjbgB6HGoMpump,2025-10-12T10:08:57Z,tg:1758611100,
tg_1758611100_163113,37RJSDH4rDah5nXwFrsNpcaVY2ELApGWEEtWAmcZpump,2025-10-12T14:01:44Z,tg:1758611100,
tg_1758611100_163167,F2rgvoWN6AM5U82BxV6AxXTLq3CJmTbF7bu7Yssxpump,2025-10-12T18:19:47Z,tg:1758611100,
tg_1758611100_163191,EHAFambdbwA6uysWevCEj7tn6yH8vgsDgA63Vz4mpump,2025-10-12T19:33:44Z,tg:1758611100,
tg_1758611100_163282,FEFkru4KJJhRREC6go7KH9zusXAniBczZsRMs7Rdpump,2025-10-13T07:58:17Z,tg:1758611100,
tg_1758611100_163288,HQHQNvbNNhYdzJqn6yhXDFMBFjaonE9DztFEbGgK8QNT,2025-10-13T08:23:01Z,tg:1758611100,
tg_1758611100_163301,AZHSuKdwAezJAZpGimViKteQbctAsTFJVZpcmfCmpump,2025-10-13T09:36:55Z,tg:1758611100,
tg_1758611100_163330,FQAhVceosC3NmBJu3abPXi6ocrkQSuFcdw6AbimPpump,2025-10-13T12:23:43Z,tg:1758611100,
tg_1758611100_163410,FJnUYrGfdb9386ybtwjUt3i63c3KxYBANeg2iionpump,2025-10-13T17:52:09Z,tg:1758611100,
tg_1758611100_163546,7tH44RkuVr4WHby1JgGbYyfSnzpFsRUQfYyVChVXpump,2025-10-14T07:56:34Z,tg:1758611100,
tg_1758611100_163549,GHE4fYyf3wwZdYrXk2bBQ7mBoCEGDdHpDKtSHv9Zpump,2025-10-14T08:06:43Z,tg:1758611100,
tg_1758611100_163566,6dEWAwhKaxioDbgwLZXtL5DnXWza61Fh9ZbYsPnG8kp6,2025-10-14T09:53:43Z,tg:1758611100,
tg_1758611100_163645,C64cB3Ji5RgyeLz3YQmbYTzWRQ2w8X3jxW1B9V7MpxjC,2025-10-14T17:20:22Z,tg:1758611100,
tg_1758611100_163647,EwQhHAuCqV4Xv5EAPzR9whmkUVEaiK7ECKid81LBpump,2025-10-14T17:26:03Z,tg:1758611100,
tg_1758611100_163663,BJpmJj5Lg9Dcjk7vyiCPA4oZrXRgpAihgfWThgdjpump,2025-10-14T18:38:29Z,tg:1758611100,
tg_1758611100_163678,Bkd4Ceb1dqhwjmLY8NyqFZnXT3AqxnaYW4QLcjbppump,2025-10-14T19:29:24Z,tg:1758611100,
tg_1758611100_163792,WXsX5HSoVquYRGuJXJrCSogT1M6nZiPRrfZhQsPcXAU,2025-10-15T08:11:45Z,tg:1758611100,
tg_1758611100_163820,CkqAnNMrH7yTYzjf6Wzq9xUp1Q19cg3Xq7hknsYpump,2025-10-15T10:07:05Z,tg:1758611100,
tg_1758611100_163846,C6dBRm3o2WLuy1FoBNuAYYxb2znWfSqcybmtbfmmpump,2025-10-15T12:05:49Z,tg:1758611100,
tg_1758611100_163856,9mTFU8KsR6sviW1UpwU3PMhJjUF4XJHiJmZ6ycZDocxx,2025-10-15T12:46:53Z,tg:1758611100,
tg_1758611100_163868,8gzcpaLCbxwSFYcGvPTsLGkovshHEoqy5iJcBNMSpump,2025-10-15T13:37:44Z,tg:1758611100,
tg_1758611100_163889,D7fdJwFg9Ykf4tL9GgiSAugxvbEXcFZRhJ4FEgr5pump,2025-10-15T15:15:59Z,tg:1758611100,
tg_1758611100_163926,6pQvAraN2nUxXVe2cHEkUYMGzY9CFkTbCC266t5Tpump,2025-10-15T17:48:52Z,tg:1758611100,
tg_1758611100_163937,28RJthxEk5aqNxjG8dEFaupNSueLQzXwkfCQzNU9pump,2025-10-15T18:46:00Z,tg:1758611100,
tg_1758611100_163943,34PvSh3xP1mEv3VXcKbMMf1pbAwK1eZCLGAynzqkpump,2025-10-15T19:11:10Z,tg:1758611100,
tg_1758611100_164059,5SD9ARptyuDi7ifiHqSUti9T16uNAPDg9vsDcivLpump,2025-10-16T07:26:21Z,tg:1758611100,
tg_1758611100_164067,8Ppjpe9G6TKoKdhCdMbo1AgDZDzuwSVRPBg8pLkVpump,2025-10-16T07:47:01Z,tg:1758611100,
tg_1758611100_164106,6ca7XBMmnogjWbT7PMH6GkWHwWQTkU8Mm9YK19F1pump,2025-10-16T12:28:32Z,tg:1758611100,
tg_1758611100_164158,8t2EsjiHJoeTXS3H7vqcSSJJpG2LULbcFtpvq37epump,2025-10-16T16:01:15Z,tg:1758611100,
tg_1758611100_164181,GHDGX24rPscWgBsp6f1ZMn7fJfSsWF8Knj2HEa9Bpump,2025-10-16T18:51:58Z,tg:1758611100,
tg_1758611100_164249,9QFfgxdSqH5zT7j6rZb1y6SZhw2aFtcQu2r6BuYpump,2025-10-17T02:42:35Z,tg:1758611100,
tg_1758611100_164284,3kNFZX3gAUVv164LAvkKoVGN2M7T4vxLSJQZdWyDpump,2025-10-17T05:45:03Z,tg:1758611100,
tg_1758611100_164296,7H6JKC6KwLBhCHLSKVn5DAhUj7nDQLJKgqCPkkzDpLa4,2025-10-17T06:55:01Z,tg:1758611100,
tg_1758611100_164314,2PrJoPoRzsm8DNuH6XPcTCtvt8XFzHBxqjwG5UC1pump,2025-10-17T08:17:16Z,tg:1758611100,
tg_1758611100_164335,4QUUhKUnG9jDdACyVQgmYmATfH2Eo6cTwK4rMQXApump,2025-10-17T10:32:29Z,tg:1758611100,
tg_1758611100_164364,AcENZyMm3dTwWWyyn2wKK4rzCxEf3F2irYMaWvifpump,2025-10-17T13:18:02Z,tg:1758611100,
tg_1758611100_164485,8vGr1eX9vfpootWiUPYa5kYoGx9bTuRy2Xc4dNMrpump,2025-10-18T01:14:31Z,tg:1758611100,
tg_1758611100_164547,DaWLFeW3mm7URTdqYuLNZQw7TyL7HSztBRH7fzggpump,2025-10-18T06:38:04Z,tg:1758611100,
tg_1758611100_164609,GKtJdTfinYDSQc2iD5yvw2YDmZi13PDwZSU3Ugdbpump,2025-10-18T11:56:54Z,tg:1758611100,
tg_1758611100_164628,5AWa5LmBFx2XfNJS1WzSxRVsiS8GkvLhfEEc2eXEpump,2025-10-18T13:44:13Z,tg:1758611100,
tg_1758611100_164646,ETzGhWahLfJhAm5bTqHKvHzEyDqpg3hQuudbkg2Kpump,2025-10-18T15:45:56Z,tg:1758611100,
tg_1758611100_164661,Fcs3a156kEek1kBh8fsvZwtHkRbsAc2WMaWwWC7Hpump,2025-10-18T17:32:25Z,tg:1758611100,
tg_1758611100_164728,HfPXryJcby5h6uxGVs6vVFJTcmGpPTnRRdMGManUpump,2025-10-19T02:19:56Z,tg:1758611100,
tg_1758611100_164744,3aLhoQ8YuyeSfgGzrpnh9WGLozsgt5FNTJe596q3pump,2025-10-19T04:38:37Z,tg:1758611100,
tg_1758611100_164796,4Zpk9w5ysL6DaFoBVbWPSwxVqKqKrEpWM1QHSCiFpump,2025-10-19T09:47:30Z,tg:1758611100,
tg_1758611100_164803,67HnfFCto3Wqhe2ytXBUfiTWrgCST3DFhZANYwrspump,2025-10-19T10:34:33Z,tg:1758611100,
tg_1758611100_164829,FiybUYExQJkJ9Ce1A4LEk1uC59FEquN8sg96nXFipump,2025-10-19T13:20:04Z,tg:1758611100,
tg_1758611100_164881,FLAPDjcAgUBN9QQJXui7mZFZrj6Yt7CmRD3wjHcSpump,2025-10-19T18:44:56Z,tg:1758611100,
tg_1758611100_164893,J4ctqPM9Zrug2UuUu6dSLMrN4DUdSkBvLSkXWpAipump,2025-10-19T19:10:47Z,tg:1758611100,
tg_1758611100_165005,BtUoqov5fEbkKvib8sms2xRHp4qJBjVKZBMR2CkQ5bag,2025-10-20T06:48:54Z,tg:1758611100,
tg_1758611100_165023,Gc4wNdntuTWPnEuJVbD8nPRU1uKAn1UbrXNyL71Xpump,2025-10-20T08:36:33Z,tg:1758611100,
tg_1758611100_165046,HSDME1UvMj8gWUn5PyaoKQEaVWutsAg6E9QHcZKczqL3,2025-10-20T10:51:35Z,tg:1758611100,
tg_1758611100_165127,AKiV3CSF4TDUMxexepYoJ8fxeut11Db1kgTjYyFGr38H,2025-10-20T19:25:42Z,tg:1758611100,
tg_1758611100_165204,BTyjf4y7sLXgtahZCH6X7gGRnGgYqRFyBSDjL6u6pump,2025-10-21T05:19:26Z,tg:1758611100,
tg_1758611100_165212,E5zZ31Ms49F185QP5KQwCoSqDKkC4x5pcwDEJZZfpump,2025-10-21T05:49:30Z,tg:1758611100,
tg_1758611100_165296,BATNaq46yTg2crb3YpmVHkjmNz3GD4CxpoXFUrN2pump,2025-10-21T15:03:15Z,tg:1758611100,
tg_1758611100_165431,43Ag4kEdxbxxjKTQAueg5YYWVVBEV12YU3y4Fomzpump,2025-10-22T06:09:06Z,tg:1758611100,
tg_1758611100_165456,CSiEFYkYUUTbx9eAze5LTz1x1fx3rbTMf4v3QWnepump,2025-10-22T08:26:59Z,tg:1758611100,
tg_1758611100_165510,AgBPkSqL64uQ58kka9LqcxyuNk4erExTfM779YYJpump,2025-10-22T15:36:17Z,tg:1758611100,
tg_1758611100_165544,76WApFF6weYWkhCYHrAogDe6YfrGj5uZYvBdi945pump,2025-10-22T19:21:38Z,tg:1758611100,
tg_1758611100_165580,Fa6ECeWqumfDfu62ZFgibv15nifegAn898NaMZoMpump,2025-10-22T23:27:03Z,tg:1758611100,
tg_1758611100_165657,FL4eKdJrVZ1dVu1RoekeQRnuPxavzD4oCcR5HTcspump,2025-10-23T08:25:34Z,tg:1758611100,
tg_1758611100_165691,3XAWJDr47NPzUfFgj3M6TamhRkJJQzgR86gizssBpump,2025-10-23T12:17:59Z,tg:1758611100,
tg_1758611100_165715,Ag41bMMccCEwtcz3y7RaoW5skQHb6ARqiXjcpjZPpump,2025-10-23T15:09:35Z,tg:1758611100,
tg_1758611100_165846,EEq43fAZ2fPneTBqFdmBBYZ8NzvkWLmLSDmubGVRpump,2025-10-24T06:32:59Z,tg:1758611100,
tg_1758611100_165874,DzEXKfbt1F55z6HpZcgtLd8Z5MZa43dAjnJJ5Gdhpump,2025-10-24T09:04:50Z,tg:1758611100,
tg_1758611100_165889,JADKVctQ2uSqdzAiJZFUFP78qwc2XD3yQu12yLaHpump,2025-10-24T10:21:29Z,tg:1758611100,
tg_1758611100_165895,5zKdqccuZZdQGbV8cJTdNn3QrXj972qNUwWgfGqMpump,2025-10-24T10:49:00Z,tg:1758611100,
tg_1758611100_165937,J1aQdXGPXEzLi6FyY1ia9tdoFenuc1T1oTUDLWa9pump,2025-10-24T14:32:29Z,tg:1758611100,
tg_1758611100_166074,8Mcpgy5YnVxDhYSdxHJxryMn3FVXU5jxMb4kE88ppump,2025-10-25T07:04:17Z,tg:1758611100,
tg_1758611100_166079,9Eufcq8yqukb4A9eUTAXrRpzB7aKTdAuUnqe75ttpump,2025-10-25T07:26:22Z,tg:1758611100,
tg_1758611100_166110,GKEGxPuznVZYHh5J4Hqk8kSabgPjJTYviLLhfF47pump,2025-10-25T10:37:53Z,tg:1758611100,
tg_1758611100_166240,2BTgyeau8AFVL6bJvVksLLAaoVUyPLEo4osYNKQMjxVP,2025-10-26T04:40:48Z,tg:1758611100,
tg_1758611100_166271,BoktwyM156vXaRFD8xbcYmDcoitmj9FKJu5CjAXdpump,2025-10-26T07:32:21Z,tg:1758611100,
tg_1758611100_166301,6mkvaWGEW3Zi6AQNJBSgqwqjCi72muANsqNJNHohpump,2025-10-26T11:58:22Z,tg:1758611100,
tg_1758611100_166310,BDuWXaAcs8SguisXQWvdiDGDVNn7eR7Wxw5Q5KLgpump,2025-10-26T13:03:08Z,tg:1758611100,
tg_1758611100_166330,8ov1MHD3A5ft6xWsNLXBxfZbGcqc1w5XK5UVvRropump,2025-10-26T14:10:15Z,tg:1758611100,
tg_1758611100_166354,GCrNxpCt4RwTfqQsDLQnSc12yyap9HZgDjQFSNJ8pump,2025-10-26T16:42:53Z,tg:1758611100,
tg_1758611100_166449,3Q6MbwnB26MAyxvBdJvSc7E2zE3L95VU21QBVKttpump,2025-10-27T05:43:00Z,tg:1758611100,
tg_1758611100_166460,3SZXaNjwar8N99x4bd5pU7V63WbAaHzKKZXW6Y2Ppump,2025-10-27T06:42:49Z,tg:1758611100,
tg_1758611100_166498,HxSY3hRZDaf38GxkmktdYHdY6SuWdfvu2vzBP7sPpump,2025-10-27T11:35:50Z,tg:1758611100,
tg_1758611100_166595,Ercn2LQA8pUCN6bxh4jZPCPcAcQ2e7JHboVyP5gzpump,2025-10-27T23:01:49Z,tg:1758611100,
tg_1758611100_166608,G849nDx4r1vwjibbmpjkZ6pbDWwaMouhkWLq1o8Z5FUN,2025-10-28T00:37:32Z,tg:1758611100,
tg_1758611100_166623,HDzTPAndwe5XRvReLzLdUNaNCkbVv141ELZ2AGKGCpAA,2025-10-28T03:20:10Z,tg:1758611100,
tg_1758611100_166650,ycDxV6PEo3pXWo46Ajuk3NwUHjcU6d6DBKLn481pump,2025-10-28T06:22:13Z,tg:1758611100,
tg_1758611100_166730,8k1DvnFBsbuWJw2t4JqTibR7cAgqadMveqiykMr1pump,2025-10-28T14:40:37Z,tg:1758611100,
tg_1758611100_166755,CFNWHeUN98qLGWaqbMkEKZThN35GpznUWSwfFpqNpump,2025-10-28T17:30:59Z,tg:1758611100,
tg_1758611100_166805,8fdBKZq7wo9fJbsZEZhq6omCgvKzLt97HY9XaGgqpump,2025-10-29T00:48:25Z,tg:1758611100,
tg_1758611100_166837,UtkjiyEh9SjDPeb7w4X5egCHEbm2TRFnKV5Wmd6pump,2025-10-29T04:51:11Z,tg:1758611100,
tg_1758611100_166854,5Sf1j7JFaV36Xv7oQVB9puaE82XEAckAxM1a4ybjGFLJ,2025-10-29T06:17:49Z,tg:1758611100,
tg_1758611100_166865,E9qT2T2YHfD67X7VKXZ7PWGnhaZ1nYdEBGbx9xbKpump,2025-10-29T07:14:57Z,tg:1758611100,
tg_1758611100_166914,7iRW57yuUXFehj5UzxvVaHCJjYCRyc2jPM2JFQq5pump,2025-10-29T13:34:11Z,tg:1758611100,
tg_1758611100_166959,GfCSfsnVE1jnS6NnSMoYqXWJV1ZgPug93J79byxYpump,2025-10-29T18:34:45Z,tg:1758611100,
tg_1758611100_166974,3TuNX6yoGy2q2M9SJeqvX44cPpqeM71SudWfeXCApump,2025-10-29T20:38:53Z,tg:1758611100,
tg_1758611100_167007,D11iMRogRadcfu3PSY3xbdc8RWRwq5HVXpxm8s2epump,2025-10-30T03:01:20Z,tg:1758611100,
tg_1758611100_167083,6yGWvjNPy2v1WR9VfjhGGvkXqiZD9BX6afDWwmAwpump,2025-10-30T12:07:52Z,tg:1758611100,
tg_1758611100_167106,CAe441ntBPCQBZFj9arRobBnVmGzh8dEB7pTHq9Lpump,2025-10-30T15:49:46Z,tg:1758611100,
tg_1758611100_167112,Cz5oaw1XxGsPVPsEMu3SZEJ9A6vpcrVqaBAwP3ePpump,2025-10-30T16:46:34Z,tg:1758611100,
tg_1758611100_167138,DZpa4peCErsNzsYJ69XYYTSjZGDQhuexnzj7EiZ1pump,2025-10-30T18:34:51Z,tg:1758611100,
tg_1758611100_167163,5SEc2JdcAeQPLeASmuXv8cFkVvgekWWEJkQybz19pump,2025-10-30T20:40:02Z,tg:1758611100,
tg_1758611100_167227,9yZ5Ru8pbmJZ6Q2DKLCGXkaLNwkm83cnJ4QCw4PFpump,2025-10-31T06:10:02Z,tg:1758611100,
tg_1758611100_167239,FvoNjMLALVTr4sWjwStMaKP8h61iGv3j3AagQ35rpump,2025-10-31T07:10:37Z,tg:1758611100,
tg_1758611100_167318,FrMU7uzwoTwad8E8aLBtHbQcKesZHaT2sJkZFwcKoDua,2025-10-31T15:31:00Z,tg:1758611100,
tg_1758611100_167410,59yQZzHvGvdM3DvMXuDHWsYdbqzERoD8QfT1Y25Npump,2025-11-01T04:19:33Z,tg:1758611100,
tg_1758611100_167458,ETBvFrgNvQ9NnNwg9CAVQjv7XMRJZWeYVHnJYGy9pump,2025-11-01T10:15:55Z,tg:1758611100,
tg_1758611100_167506,2fmZrq5CN3S52PbyRGtpmvBQShNHTVBs2ZNTMURtpump,2025-11-01T16:14:17Z,tg:1758611100,
tg_1758611100_167660,4S8JEBDFWszqBCuBgmks51Xnp3c9BCTRtrED9giQpump,2025-11-02T11:54:27Z,tg:1758611100,
tg_1758611100_167674,2wTr7CbhVx85JeJjJ4aVsMFJKcvLwDJyfyK3SKd6pump,2025-11-02T13:44:20Z,tg:1758611100,
tg_1758611100_167692,62Df9XbAtu7dp85A66e9WfPSeMsNRKLJVQngwC2jpump,2025-11-02T15:07:52Z,tg:1758611100,
tg_1758611100_167749,HruKkLrLJ7t1kL8E6HBccSpWdUpnhGmi3SVrB9Jjpump,2025-11-02T23:38:33Z,tg:1758611100,
tg_1758611100_167801,BVSv98vyMEkjwCd4ZSBcPUB8MjDPqQfVHTrbCGtYpump,2025-11-03T06:36:05Z,tg:1758611100,
tg_1758611100_167807,CnqAQXJB7vSiwdNvgSf22JSPPa53orxSfXn6L2D6pump,2025-11-03T07:05:10Z,tg:1758611100,
tg_1758611100_167832,Gjn8zsTwZ5myCKqwuFLiiuqzDw5ZZzWW86i9vcGYpump,2025-11-03T09:27:49Z,tg:1758611100,
tg_1758611100_167866,C2omVhcvt3DDY77S2KZzawFJQeETZofgZ4eNWWkXpump,2025-11-03T13:34:10Z,tg:1758611100,
tg_1758611100_167897,F64FKiLZUJoRUxi5TebTeBUCafcfmqvzu9Bka2TQpump,2025-11-03T17:29:16Z,tg:1758611100,
tg_1758611100_168008,9A1dsAMLti5qovKGTEMTE8txwXw37ZvJG747RYgVpump,2025-11-04T08:33:38Z,tg:1758611100,
tg_1758611100_168052,CRE9tXVCnRREt13ELtHNRTuR3pMuyH6FfczBEQE7pump,2025-11-04T14:35:58Z,tg:1758611100,
tg_1758611100_168114,9HBoGfJ8TotjjJQ6KwqMM8iiC7xsKYjVywfb53sxpump,2025-11-05T01:11:09Z,tg:1758611100,
tg_1758611100_168141,5s3cEXBY51wVkUtiGgrrha3Su9EpzyNiEyh8n1hMJRTE,2025-11-05T04:34:06Z,tg:1758611100,
tg_1758611100_168160,BYT7L1npmbMxYU1BnKVpfRq2GSi3aacrFnKLWwNopump,2025-11-05T06:03:36Z,tg:1758611100,
tg_1758611100_168167,8Jb4kFfTrdZTezpLsgfAoHgcJosvsct1DmvWUVAApump,2025-11-05T06:30:15Z,tg:1758611100,
tg_1758611100_168179,8J69rbLTzWWgUJziFY8jeu5tDwEPBwUz4pKBMr5rpump,2025-11-05T07:59:21Z,tg:1758611100,
tg_1758611100_168187,FAebmroavdAiTJZPTZJeECJkaY6qwDnZxvGsENePpump,2025-11-05T08:52:33Z,tg:1758611100,
tg_1758611100_168266,4nswj3o1Lo9iWYvvRJxUD8vbCy9ay7QQoXYcncHNbonk,2025-11-05T18:45:56Z,tg:1758611100,
tg_1758611100_168306,BhGfhndVH5Aa39vvdsTtNFy8uWQ8auzyU811xaXepump,2025-11-06T01:29:20Z,tg:1758611100,
tg_1758611100_168413,HsfJnaBfRhBUTQCzCpXdL5codokZw6nwwWFnkzeWpump,2025-11-06T13:21:43Z,tg:1758611100,
tg_1758611100_168539,65aP2yHMZ6RxZpXn3iHhfBRnzCpwbZeVDTXAoi1gpump,2025-11-07T05:02:26Z,tg:1758611100,
tg_1758611100_168556,9jFbN6wAAYPBvnfpSrchXLGx94LEb8f8S6ysadpXpump,2025-11-07T06:41:03Z,tg:1758611100,
tg_1758611100_168559,3GnuXqzqT1XYhSeWrHcvDKE4JyqYMhLecsKKsqjridev,2025-11-07T06:47:21Z,tg:1758611100,
tg_1758611100_168607,22bpMFQKeETcpEUid6wLLhjWJeGgqB8uQmub5A7ppump,2025-11-07T12:18:45Z,tg:1758611100,
tg_1758611100_168711,3wppuwUMAGgxnX75Aqr4W91xYWaN6RjxjCUFiPZUpump,2025-11-08T04:02:36Z,tg:1758611100,
tg_1758611100_168778,5NA94bui6DUy6WaxhHoHieMrzVLnzToGoBaAmhgGeNmG,2025-11-08T10:45:29Z,tg:1758611100,
tg_1758611100_168803,8tLbMZWuwB9oyXaJdAuPpL4ecVTdiNqGGR9n8m3bpump,2025-11-08T13:48:54Z,tg:1758611100,
tg_1758611100_168812,5v3PVWzXmJfsEYh6hYHk6YWUTxn7ukihJFrWu5Zpump,2025-11-08T14:30:30Z,tg:1758611100,
tg_1758611100_168864,vEHiuRmd8WvCkswH8Xy4VXTEMXA7JScik47XZkDbonk,2025-11-08T23:14:23Z,tg:1758611100,
tg_1758611100_168896,AiuRXJ6sFuT1nxp4mV7GoYif64G9vC1hbyCYVyZYpump,2025-11-09T03:43:06Z,tg:1758611100,
tg_1758611100_168921,GHQKhAtnMdtCA5Gh3drhahenLH1VDqnQYqzmzRzmpump,2025-11-09T05:34:53Z,tg:1758611100,
tg_1758611100_168934,8RSbsKW26WhHsFsM6jc34zSijvq6r7t6GmkYrfj8pump,2025-11-09T07:00:30Z,tg:1758611100,
tg_1758611100_168964,2pKAcRdNXQjUKFiFqv4sR4gNHAH4g1BxqSm1wMiupump,2025-11-09T10:41:33Z,tg:1758611100,
tg_1758611100_168987,Ch69ggMM11XUxMKTUVMk52VsPNToo1USqmjRVf9Epump,2025-11-09T13:46:27Z,tg:1758611100,
tg_1758611100_169049,291bNQx5yiwF2P3vgS3NAnLX8gcbMMPfKvrUUyndpump,2025-11-09T22:23:58Z,tg:1758611100,
tg_1758611100_169053,5vXq6Pb2n91W243XLSARY7GtUMcomr7TwfKPRY31pump,2025-11-09T23:17:35Z,tg:1758611100,
tg_1758611100_169068,6st9gC5RDqz9FPDo8WbqPm3FBixfAJr7KieSiciPpump,2025-11-10T01:43:45Z,tg:1758611100,
tg_1758611100_169089,F1s5zLXVHJBq16XHgRiHKQiALsHmrw1aneGKceRepump,2025-11-10T04:22:17Z,tg:1758611100,
tg_1758611100_169107,8gs8WHN4GPKCFxuioLrYc49kJCXobSpnGTi2orntpump,2025-11-10T06:07:57Z,tg:1758611100,
tg_1758611100_169148,4fMBkfAoVnLeAhArjyEdztBZm3vaej7C7jg4Fsurpump,2025-11-10T10:25:00Z,tg:1758611100,
tg_1758611100_169159,DKAN3tyxnvgUrgGHAHsorBGgVGDVt9uEiRUybHrs77P3,2025-11-10T11:54:41Z,tg:1758611100,
tg_1758611100_169188,xt5ew2arSwnNaQX3EsCKRVKVPTv4EsA9LMHE3b2Dwen,2025-11-10T15:51:22Z,tg:1758611100,
tg_1758611100_169197,EWqZaPfYg4iGBdHMGYSUDyTgrRrqZhjTfm1DoZmTpump,2025-11-10T17:00:20Z,tg:1758611100,
tg_1758611100_169202,4oYHphR2UJaazj6twiaSgpzvLgabWttXndna4Fidpump,2025-11-10T17:53:02Z,tg:1758611100,
tg_1758611100_169315,A2gA7Pe8tNUduB58JLpvFHfg5aRXQttnhDrHFQhspump,2025-11-11T07:08:40Z,tg:1758611100,
tg_1758611100_169320,RikJSkJ7EstuhcTRRqMEkFVSNNUgfuf1TdmEs9E7jMf,2025-11-11T07:20:11Z,tg:1758611100,
tg_1758611100_169370,94H6cuHsttdSoYdeWMfM4NeKnikvaEfYr9UpQTxkpump,2025-11-11T13:15:07Z,tg:1758611100,
tg_1758611100_169374,D5TqcssMbVADExMyvpL7HXHuLSzvVNufCiCAvQG6pump,2025-11-11T13:49:49Z,tg:1758611100,
tg_1758611100_169426,F7pB3ZdfBnyFw2LRHydWEn9BmhEa5XihXLjhySFRpump,2025-11-11T21:00:03Z,tg:1758611100,
tg_1758611100_169446,ED8czcm5b27LmcTWmqk63Yyn5ymbsYBTkpuyPVcApump,2025-11-11T23:33:40Z,tg:1758611100,
tg_1758611100_169454,DFG1vP6wKBmxpbcaKesbV3mHoj6Jz6tNEjqy8DwRpump,2025-11-12T00:37:56Z,tg:1758611100,
tg_1758611100_169494,3XzNoCvGon8xFphusCcuFEZyMPuvzfESrwEBEMHSpump,2025-11-12T05:13:31Z,tg:1758611100,
tg_1758611100_169515,7M78L6aosDNfkR7f3JWi6sRKEPotQANsUu6oP9n9pump,2025-11-12T06:51:46Z,tg:1758611100,
tg_1758611100_169565,2hYVggDTPE8vuyXtrAp5ydwtLzKHJ77LgA54M3NNbonk,2025-11-12T12:29:42Z,tg:1758611100,
tg_1758611100_169571,CimKD8Lm7MzgLxwrs36A18aoRxJUGyR1YjEyp7sEpump,2025-11-12T13:12:32Z,tg:1758611100,
tg_1758611100_169585,3HvfNtusx42VTBB92GNcmMwEXsr2YZBewKFYogAVpump,2025-11-12T14:31:13Z,tg:1758611100,
tg_1758611100_169596,F3pic3scb1qzFEiZgV5N3neHQgjGhBraZauHCs3Ppump,2025-11-12T15:41:50Z,tg:1758611100,
tg_1758611100_169600,9TRJzEn3sXs4BwwiVDxadoyhxCnC4Um4b4hjGDmmpump,2025-11-12T15:52:06Z,tg:1758611100,
tg_1758611100_169602,DDxa1YgsF2338bHVoH3wXFC5mkpozjyjX1TGtdiWpump,2025-11-12T16:02:01Z,tg:1758611100,
tg_1758611100_169649,EiLM85KgSr42feGxviuzBBVGvTDsYqwxCLPn6vADpump,2025-11-12T21:58:44Z,tg:1758611100,
tg_1758611100_169654,DA1qLpgD1M7TNNRPycizyQCoRLCt7GAx1YTeVrfYpump,2025-11-12T22:53:41Z,tg:1758611100,
tg_1758611100_169726,CQ6VXxQYD1nH1SobagiQDbhND3SLEKhqSxHCPaavBoLD,2025-11-13T08:36:35Z,tg:1758611100,
tg_1758611100_169737,BSmWoKsJxZL76aLUD4seZrJ8r1ibHK5Uiph3Kmnapump,2025-11-13T09:58:01Z,tg:1758611100,
tg_1758611100_169818,rhqq1izZf3K7zMg2ufpJhnvGzwkt7LvNEc6Vc5Apump,2025-11-13T21:23:34Z,tg:1758611100,
tg_1758611100_169834,D5eHwAC6oaVG2KtcUCkPJZwFSysa7c31BwwfHEBQpump,2025-11-14T00:19:01Z,tg:1758611100,
tg_1758611100_169849,EhRB3AwMtff4KEyffsQmLYTiv3PuP1wFqbYNZ65spump,2025-11-14T02:23:39Z,tg:1758611100,
tg_1758611100_169880,BqyXGyQ3VYKyZS13HvzeVeUBiyKd4xMYXPDR9KWNpump,2025-11-14T05:13:40Z,tg:1758611100,
tg_1758611100_169890,GgXVZA9Ax5uW2NG2VMQYmjkjBmwPekTE3BCJr7NXpump,2025-11-14T05:53:31Z,tg:1758611100,
tg_1758611100_169928,J84rwAuoLyzZXdYxQ2HFm6weSgEaL9U2ZqyMqNqYpump,2025-11-14T09:33:02Z,tg:1758611100,
tg_1758611100_169966,F2AbmQrzrmp5EdvXh38Bh2DkoJxCeWDaVwCwTrdDpump,2025-11-14T16:03:00Z,tg:1758611100,
tg_1758611100_169976,CUc1tBi1tCTMSjw9ANbEGG4JpyuH79fX6JahoQ4ypump,2025-11-14T17:05:43Z,tg:1758611100,
tg_1758611100_169980,22CNpFDsrCCXAjVGwcs2qfzcn8qUn4fziHEiP66dpump,2025-11-14T17:15:52Z,tg:1758611100,
tg_1758611100_170014,6v8bcbMXRZrrCTJR9sWCbjHJXQDzWGpaV2WUMWCopump,2025-11-14T21:34:59Z,tg:1758611100,
tg_1758611100_170030,5DjwuzkjFn7T9a2Re1qVVEksq2qX5GP2cT6vdJkbFGNz,2025-11-14T23:52:35Z,tg:1758611100,
tg_1758611100_170038,6Vik7Zf4biqGXZbpm8DCZUtvJQvTvc2vAhTx6yNupump,2025-11-15T01:00:50Z,tg:1758611100,
tg_1758611100_170070,3VfR2qj8hr1HxHGmQ3Lxzq8GYwgBfkQBK9gshaxZpump,2025-11-15T04:44:59Z,tg:1758611100,
tg_1758611100_170096,81uWcu3yN3VJmsnXnfEpbTZ5T9EZg9aJCRsnTMER72NE,2025-11-15T07:02:03Z,tg:1758611100,
tg_1758611100_170113,GV1uiHtqnFqHYijcBzt2A56Fe9LjoCnszjVbekzvpump,2025-11-15T09:09:59Z,tg:1758611100,
tg_1758611100_170142,CkTFDNGUtw58dBDEnMD9RW3tjTVKaoVXctcXdq8Gpump,2025-11-15T13:22:23Z,tg:1758611100,
tg_1758611100_170177,FhJkSagsyn2mfXXypYJDB9S9CiYXfzMtaB5bbfevpump,2025-11-15T17:31:31Z,tg:1758611100,
tg_1758611100_170231,8SmVoeZgpqku1jj5ZSpAq1CQqdSjAeKc5ZoMReVcpump,2025-11-16T03:26:30Z,tg:1758611100,
tg_1758611100_170273,GPqgnQ5xD8oPGT2aN3bZ467EHmDbEt7aRhJuUQGLpump,2025-11-16T07:19:44Z,tg:1758611100,
tg_1758611100_170277,2JVZ7LF7dPj8EfmKcGe6CPjXZRLRZqe3wE66jR4Bpump,2025-11-16T07:43:37Z,tg:1758611100,
tg_1758611100_170292,3QgxFXKrApagK29vt3mARQqEMZxd5NFEwh9KT8KBpump,2025-11-16T09:15:22Z,tg:1758611100,
tg_1758611100_170381,vy1xVJUL83k5YM87mvX9BT8kcPkRq1BH4UBSNbopump,2025-11-16T22:43:12Z,tg:1758611100,
tg_1758611100_170424,4d7xNHgEAbDjkdLWKLrwpS5awtShZmN6xqzCZP6Lpump,2025-11-17T05:10:07Z,tg:1758611100,
tg_1758611100_170442,TaxhxvQdW5WwxDtxmyDnXfJ9eJV7wacbgow2kDEpogX,2025-11-17T06:37:23Z,tg:1758611100,
tg_1758611100_170493,xiEofpxZst1fJ71L5uV2RjTXQ5gY45pcyCpR5thpump,2025-11-17T13:31:20Z,tg:1758611100,
tg_1758611100_170503,38TCZgZGNH4BncdKgfRuhhscj2zf7nCf6PoHBj1nSAFE,2025-11-17T14:04:02Z,tg:1758611100,
tg_1758611100_170525,E8tbfxxdxvAxuA6uCoYd9qioLCgjd96JRwtKhYLhpump,2025-11-17T16:19:00Z,tg:1758611100,
tg_1758611100_170570,2eaCRgSHaQCNshCdu59DeUcqztCcLjpPuvyNwvonMFb9,2025-11-17T22:13:46Z,tg:1758611100,
tg_1758611100_170619,3wDYuY5YTutXZp77yXNBzcbFhFdd27s13aMPJmYepump,2025-11-18T05:19:20Z,tg:1758611100,
tg_1758611100_170737,9fLGtf1rRkYd6Dy93hvYh2r8T8Wy2EPa6WHC5ibgpump,2025-11-18T20:56:34Z,tg:1758611100,
tg_1758611100_170809,w4JaiVxShfQRGDL9DEeBTYmzYL2QzrmN2QwgKmXpump,2025-11-19T07:29:23Z,tg:1758611100,
tg_1758611100_170812,Hww3RyaJXAhMMaqP4uKwp4n9LTQnGDwzBVefmXKypump,2025-11-19T07:47:00Z,tg:1758611100,
tg_1758611100_170888,4pynQdXpkxFNLhjsG9FTLbYdLMgHgZsXD6qXMtippump,2025-11-19T15:58:59Z,tg:1758611100,
tg_1758611100_170924,7KbThaB6KSpiGSkSTAZhsP5aSk2im58xVCFMYWdXpump,2025-11-19T20:58:56Z,tg:1758611100,
tg_1758611100_170952,4Eo7Db7u6gpEDbHivsiXcv4iaz3dk4sj2GorpTHxpump,2025-11-20T00:37:43Z,tg:1758611100,
tg_1758611100_171050,87oz6sZtyvLmPYpNVsbdhdsyBiLgeZJqLhM8PznJpump,2025-11-20T11:57:55Z,tg:1758611100,
tg_1758611100_171065,9uSdJy9Nz7K1tqcQnKASTQxjx5XEq1jXByX5gKYFpump,2025-11-20T13:30:46Z,tg:1758611100,
tg_1758611100_171088,EFCoNf7N8vSEAkjkXMhvXTN9EvrsSWwNHbb9qAFfrge,2025-11-20T16:42:08Z,tg:1758611100,
tg_1758611100_171091,4KXDzWnj6GS5upd8r39WG1rAsyRb9ez65frybZy5pump,2025-11-20T16:59:58Z,tg:1758611100,
tg_1758611100_171175,4ph2WJCSCMiAWTGpnMhK4v5cJyG7oA8hUM2LYDKgdoge,2025-11-21T05:10:54Z,tg:1758611100,
tg_1758611100_171199,CCQe2yn6DdxzfGn3ZVfRbjwdVEg5C6D6yuiuz832pump,2025-11-21T08:17:52Z,tg:1758611100,
tg_1758611100_171245,HoHveYnitLRBTxVtWrTiNvvdzd6b1L5FRx6kDgPBpump,2025-11-21T14:45:39Z,tg:1758611100,
tg_1758611100_171263,GBLBD9FJb9kLRdNkQSTVRcLjbTb9LRbEkfYX55ispump,2025-11-21T17:06:08Z,tg:1758611100,
tg_1758611100_171279,5252LJMxARutL7HAWYnqbeTd3qE23PE5cijxWMHppump,2025-11-21T18:45:58Z,tg:1758611100,
tg_1758611100_171345,Fk68hqJJSscR3WH5okuqUXdouA4M7x7bBmtg4aropump,2025-11-22T04:27:19Z,tg:1758611100,
tg_1758611100_171401,6gwrg4iiKkL1AFPbsUWwfB6AzBpQWyXKKowEWRfBmcbX,2025-11-22T10:31:13Z,tg:1758611100,
tg_1758611100_171409,HPFEbpNAUD8Dyj1oPqEpbFHavBuZPs1DmwFoRUHBpump,2025-11-22T11:11:09Z,tg:1758611100,
tg_1758611100_171412,HEA4baiTauugXqWzSVVA43oaZhQf7zoUg1kuoSfqpump,2025-11-22T11:22:02Z,tg:1758611100,
tg_1758611100_171494,7tystWLcVdgF3wL9Z7Rh3L44K5FALvUVwshewMn6pump,2025-11-22T23:18:42Z,tg:1758611100,
tg_1758611100_171537,ESXksGWGPrfCfykwBMDhzwXSAKic8KDmBWhXZhEKpump,2025-11-23T05:42:01Z,tg:1758611100,
tg_1758611100_171590,FfjR46Hmq6Bz5Hni4gAFymWwFBNKD1meBdWgLvAjpump,2025-11-23T12:10:37Z,tg:1758611100,
tg_1758611100_171598,9YdvrMsW3qsfa2sRUEgsdMtC4wswGHNbDNWFg4wrpump,2025-11-23T13:10:13Z,tg:1758611100,
tg_1758611100_171600,AbNJGwerNNcSNLjHhJwtncc7TV3aNCWxFgRM6Zzqpump,2025-11-23T13:15:58Z,tg:1758611100,
tg_1758611100_171615,FzWibmUHWyJbXvAWra5M5jeo2yBtZVaL9m9SCFFFdoge,2025-11-23T15:04:04Z,tg:1758611100,
tg_1758611100_171650,tdZ2FcWdpUtehpcfU9mqWV8Nbm4dYMJiK7X8f9opump,2025-11-23T19:22:39Z,tg:1758611100,
tg_1758611100_171745,8EQSudkRQ5Noj47MKcsGMo5smTaFfD1qZN2LWKFXpump,2025-11-24T07:54:56Z,tg:1758611100,
tg_1758611100_171747,48iJcUv9jsiZ7cCisyVFLPFLMoNBKg3L43bRvktXpump,2025-11-24T08:00:01Z,tg:1758611100,
tg_1758611100_171781,5BBm7Em4c8Rz1K3UWy1KtTZabY6JtSFKs7uCcYcipump,2025-11-24T12:01:00Z,tg:1758611100,
tg_1758611100_171795,FEK3eAGYy14m6wkx5ATv7DXvRzdwsH2A7Da92mk9pump,2025-11-24T14:06:22Z,tg:1758611100,
tg_1758611100_171807,Csc1VF3obbFY2ug67ba2EBFn1tZoVTfA5vAeFWtLpump,2025-11-24T14:49:24Z,tg:1758611100,
tg_1758611100_171831,AFBMWwAVQDx4wyY7QZjbekprB5cx9YqXZgAotjZmpump,2025-11-24T15:49:52Z,tg:1758611100,
tg_1758611100_171844,T19T49iP3Way5qsMS3etVZxaQweUKmqprz1gqpDpump,2025-11-24T16:38:07Z,tg:1758611100,
tg_1758611100_171937,J7Dx5yPbPD5e5BmrSvJyi4n4XRUR2kWqWYaxaSWdpump,2025-11-25T04:05:41Z,tg:1758611100,
tg_1758611100_171948,VZRHTQcxN8oRFrgkVd3L6Rv6D87muSiLhg6mvV5pump,2025-11-25T05:13:57Z,tg:1758611100,
tg_1758611100_171956,7vekytC8o6xgjgKic52GbFpneNWFrCHYaurco8owpump,2025-11-25T05:54:29Z,tg:1758611100,
tg_1758611100_172015,BCXpjsHYmgVpRKdv4EQv1RARhYagnnwPkJjYbvM6bonk,2025-11-25T11:22:02Z,tg:1758611100,
tg_1758611100_172036,DtgCVZ877swr93rHXhbfshcthnSK2Ds4dz3XC8GYpump,2025-11-25T14:25:05Z,tg:1758611100,
tg_1758611100_172106,36eBuWXPEeRxuNouF19M7sKvWZiTdpoHDWHjZRAGpump,2025-11-25T23:10:34Z,tg:1758611100,
tg_1758611100_172113,FDbYvMrANjDs3DBeTe5x2Y84rANFasLRcQs5Gyyei9oi,2025-11-25T23:46:37Z,tg:1758611100,
tg_1758611100_172115,F4ZL8sHPXAoUaAQ6DVY4Si6uhHu9T5dvciNozdPZdoge,2025-11-25T23:55:42Z,tg:1758611100,
tg_1758611100_172118,Ch87t1PM7vYeiHAz2pjbw646pNLSFSzGtfMQWeGNbonk,2025-11-26T00:17:11Z,tg:1758611100,
tg_1758611100_172150,4LPb8xzg4a5Uxq8GnJmP6k4MeZi5g9DAJim8c58TpHAS,2025-11-26T04:51:26Z,tg:1758611100,
tg_1758611100_172164,7z6RtJtJyNTb4iWb3kkCgfW5hvLar3HTd3m8fWhmpump,2025-11-26T06:01:36Z,tg:1758611100,
tg_1758611100_172206,7rbNThYsLZ8Lh8hB6dpqWh8XcAgodVH1whMutRrvpump,2025-11-26T09:57:02Z,tg:1758611100,
tg_1758611100_172227,BpjMgeKEFSAH383TSzXprcDBKsNGqiYoVAUgjqRkpump,2025-11-26T11:55:48Z,tg:1758611100,
tg_1758611100_172237,JBkGF5rCnbTC16e16TKsGfyv2xYaeanY1VkDGwycpump,2025-11-26T13:13:30Z,tg:1758611100,
tg_1758611100_172243,JGKARHxUufjLi2aMexmTJonP7iHVfvkMvVmtUc8pump,2025-11-26T13:46:21Z,tg:1758611100,
tg_1758611100_172298,CZHcDHQZerSch8Fhhi2KgV4cLiD2KtdwjJBrb8fypump,2025-11-26T19:27:57Z,tg:1758611100,
tg_1758611100_172336,7zaerpu4De3Aob5TJwqXQoit72S2woTEfsbGWP95bonk,2025-11-27T00:52:06Z,tg:1758611100,
tg_1758611100_172338,Hd7WPGzT8W8QAN21FQpEhKGC22svpgs72rDJfw3Dpump,2025-11-27T01:03:41Z,tg:1758611100,
tg_1758611100_172373,HSPrNro3WHSjUNQg7Cqs2oKTgAX4eX6wZUwcfutfpump,2025-11-27T05:24:47Z,tg:1758611100,
tg_1758611100_172416,GpSK68ymYvA4LWpBr83hmdQMaEaAFjdBDvSvZw5ppump,2025-11-27T09:22:07Z,tg:1758611100,
tg_1758611100_172426,25WRenDCtizwgN42yTRYZzuH7GqJvEoCrWXDEDVZpump,2025-11-27T10:25:27Z,tg:1758611100,
tg_1758611100_172436,9QQHTTxquWQd6eFBrhDGhggKytxRQ6y4xwQxvsdspump,2025-11-27T11:32:11Z,tg:1758611100,
tg_1758611100_172511,BmQ3o2V3g2qJ46SQKM24fZtrcjc1cc4WXwbHvMd9pump,2025-11-27T20:25:03Z,tg:1758611100,
tg_1758611100_172543,2K5413Yn6aRraeMWkhNnWCjpBa1b6pRMiEVrucRJpump,2025-11-28T01:47:37Z,tg:1758611100,
tg_1758611100_172574,9BVn3Y8tPghbnGuuuxoj2mGekqgSQV1M7nALF7brpump,2025-11-28T05:23:10Z,tg:1758611100,
tg_1758611100_172577,CKyngN43ZPTmR8hKmpzGixUAYBNCmDSQ5tJNabktbonk,2025-11-28T05:40:37Z,tg:1758611100,
tg_1758611100_172587,8zeWmLN7yA4VtccJaL1GmipoMA8Q2Mpr73xxke2ipump,2025-11-28T06:28:17Z,tg:1758611100,
tg_1758611100_172631,7biCCUthUHDn48jTpYKFExvpJzxTcWoXjwVDBCyZpump,2025-11-28T09:52:33Z,tg:1758611100,
tg_1758611100_172636,3xNiCetFqYAF3fanw9ZnjxCgKKiTrfxNHrGiW9sJpump,2025-11-28T10:22:44Z,tg:1758611100,
tg_1758611100_172646,3F4hakpnZE1BVhHeaa8RAahf9W2x6LaH8ZxQDahqpump,2025-11-28T11:31:53Z,tg:1758611100,
tg_1758611100_172656,EyXR8wGCqnJNpi2APT4e4dxxMdaaGZdiWrnWwMkkpump,2025-11-28T12:57:59Z,tg:1758611100,
tg_1758611100_172670,E9RDcyYa3cQXwq4mmofMfwpWStgGhZbppatdChKDpump,2025-11-28T14:42:30Z,tg:1758611100,
tg_1758611100_172672,ESZ5Je6stEk425s84ozSqJfuKq5J5fm75VrX2Wuopump,2025-11-28T14:50:49Z,tg:1758611100,
tg_1758611100_172728,A9E2AopuG56LWYiXsvGLLTcLjUjQ539PY6k5Fhfepump,2025-11-28T21:13:48Z,tg:1758611100,
tg_1758611100_172797,DL6BBBQ6heTg9Zr5gFZxsCK2AZt2aVyRqUZgChqopump,2025-11-29T05:28:58Z,tg:1758611100,
tg_1758611100_172815,EaX1w1JrWbc6utxA7oyMec9Rcwkuwvwic2oZZWFapump,2025-11-29T06:44:09Z,tg:1758611100,
tg_1758611100_172857,6wYU8DQBefvR8kAFgqTLXBYVxJhnVogxbsjsQT2Kpump,2025-11-29T10:57:53Z,tg:1758611100,
tg_1758611100_172894,A2A39SooVXf8QMKcSJTzFaPd8bRAoX3rhXhwXdeabonk,2025-11-29T15:11:59Z,tg:1758611100,
tg_1758611100_172928,2tjqj3vPwuu4UpmmwggQ8WhMbK36Qckkzk19k1kopump,2025-11-29T18:33:04Z,tg:1758611100,
tg_1758611100_172992,6N5Bi3sUz6UbfSadsFAodNFBBHo9FHLiT4FBdbdkpump,2025-11-30T03:58:08Z,tg:1758611100,
tg_1758611100_173010,9iXwnWndycLagCoz16Pgxk5dxvX7BtBw3gkyZQQypump,2025-11-30T06:00:40Z,tg:1758611100,
tg_1758611100_173062,5sb2N9TuognPT2nWUk9ciA9BkMnvYF9h2Pmi7CQNpump,2025-11-30T10:25:35Z,tg:1758611100,
tg_1758611100_173086,93x67YtArpqdzmmyXQ7qxhvvoDTkC59dsHWXhD7Ypump,2025-11-30T13:31:13Z,tg:1758611100,
tg_1758611100_173160,4PEvwEELYJ6p8maA9ZejzKXF2785sYbRcm7juNxjpump,2025-12-01T00:09:43Z,tg:1758611100,
tg_1758611100_173173,AF1WXPafV4rGD38G1fs7kMH1an9HXNtigKaJqWRBpump,2025-12-01T02:50:22Z,tg:1758611100,
tg_1758611100_173220,G2ZzkLiVnCHk7gAHkx4NQNaxTqEpkA474Hk5opVgpump,2025-12-01T08:06:05Z,tg:1758611100,
tg_1758611100_173240,7c41bmq2W4LDi5XWwYGFsA8ZRW5EXqPLkKhrw2gnpump,2025-12-01T10:19:57Z,tg:1758611100,
tg_1758611100_173265,237of5pRcaFrQMQkmqhAGUHLxhY56h1R8wL1mdT4pump,2025-12-01T14:09:40Z,tg:1758611100,
tg_1758611100_173273,9mGtWvoGgRuUiFvyBJSVEdsA8T4sk4BpeQ9qYq3Kpump,2025-12-01T15:11:24Z,tg:1758611100,
tg_1758611100_173295,F4bGsbhRDR98DfNQtvVxLGMgGwRYiMszoxSLDfugpump,2025-12-01T18:12:17Z,tg:1758611100,
tg_1758611100_173309,6VKDRsckuBSk3rFnsvoHV9hrPKnzNHRSCfrS91Cupump,2025-12-01T19:51:31Z,tg:1758611100,
tg_1758611100_173333,9PWFDLTRUaumaqZdcLriDNZjWEoxnVzrLy6qmdrxpump,2025-12-01T23:44:10Z,tg:1758611100,
tg_1758611100_173354,6ZcZsgpLHrMegsfHEr6QNKYpih8Ym67i9pK83cwypump,2025-12-02T02:51:46Z,tg:1758611100,
tg_1758611100_173356,AWhsnTdcBp46mSnqWBBzGY5BKhQxWHAh3RhiM43ypump,2025-12-02T02:58:50Z,tg:1758611100,
tg_1758611100_173408,5ZxpMyAxfLh8tWMSuYkYzBjQZaDAjDVq8gWPaprPpump,2025-12-02T07:32:34Z,tg:1758611100,
tg_1758611100_173455,24kFi7PuMaPd68HbRiJPZVzkKePdq8Ro63MQcMYCpump,2025-12-02T12:19:50Z,tg:1758611100,
tg_1758611100_173484,DdGNpQqUiVMu6EnE8HeEfDDSiLQZQratbtxtGAFfpump,2025-12-02T15:59:19Z,tg:1758611100,
tg_1758611100_173486,Eu5n8R1VkcShuVcaeXqHJhMgQk6MkvioJPtYw4cQpump,2025-12-02T16:11:08Z,tg:1758611100,
tg_1758611100_173552,CSrwNk6B1DwWCHRMsaoDVUfD5bBMQCJPY72ZG3Nnpump,2025-12-03T02:10:27Z,tg:1758611100,
tg_1758611100_173602,14nFSmjdVEhjXYsxeDztDdoJzVLn1Kxg2W8x5rdXpump,2025-12-03T07:56:30Z,tg:1758611100,
tg_1758611100_173660,GiZPKUz7sUPMRmC2sKeFywH8mL6jzpWMNrt2JNccpump,2025-12-03T14:36:08Z,tg:1758611100,
tg_1758611100_173662,6E9TeEbTcLFMgUubhsDFoqXcyZZ9f2efASgdNXQ1pump,2025-12-03T14:43:00Z,tg:1758611100,
tg_1758611100_173693,9W9oBrz4grvrXWZC1uJZWvNKuyLctj2dUChpbjvkpump,2025-12-03T18:05:29Z,tg:1758611100,
tg_1758611100_173753,FtFSvVwiPyYzMqPTwon3pHqYS31MyMF8z17sNqMUpump,2025-12-04T01:50:06Z,tg:1758611100,
tg_1758611100_173760,srdiUppZFkbf9nCLDdvWnrfwf3fuZhAmamGhDF2pump,2025-12-04T02:40:36Z,tg:1758611100,
tg_1758611100_173825,DUdfMLdpmHkizrNYNqUxZP1fa1Cr5xJAVrfrWWqcpump,2025-12-04T10:17:37Z,tg:1758611100,
tg_1758611100_173844,9dtQaKYza1ZJgJscAPdH2gx3E2qAAeRfcMEh1m9opump,2025-12-04T12:34:48Z,tg:1758611100,
tg_1758611100_173850,2QtQecbdf3vpbmWMMkJ4QbKVFHp1rXxnm4vfJuxGpump,2025-12-04T13:09:38Z,tg:1758611100,
tg_1758611100_173868,2hzxUTZsHkP8d4aa5T9WRqoTm6DY3W8JyBhXxGA9pump,2025-12-04T15:19:22Z,tg:1758611100,
tg_1758611100_173873,2RnUBhxivW5hHH4t1nYpefv7WZePXWZuNX2znG3mpump,2025-12-04T16:03:06Z,tg:1758611100,
tg_1758611100_173883,Gka1TQEevBbVw4W9K15ER96ZzKByMTb6TBMQzWFEpump,2025-12-04T17:27:19Z,tg:1758611100,
tg_1758611100_173921,PUeU4mzRzuy7mgjGg6dwgBSGpXwA7nZwvpVDqfepump,2025-12-04T21:37:06Z,tg:1758611100,
tg_1758611100_173927,a3W4qutoEJA4232T2gwZUfgYJTetr96pU4SJMwppump,2025-12-04T22:41:12Z,tg:1758611100,
tg_1758611100_173947,FFBmwqt8ScPuDFvaKDYxsLL98v46LB6b3iupXTEXpump,2025-12-05T01:28:35Z,tg:1758611100,
tg_1758611100_173953,85wiEiRVoBKcLWvn7sUJQ5dNndddC1rYsZAn21p3pump,2025-12-05T02:23:48Z,tg:1758611100,
tg_1758611100_173960,Fo2uhoR5fZtEPToWtZ3C72wri6fU5ZFSm2s8BENQpump,2025-12-05T03:41:34Z,tg:1758611100,
tg_1758611100_173979,FKMdhDBjirErUMQbffsZiuvjptSwNnFW7kf6fvpTpump,2025-12-05T05:46:31Z,tg:1758611100,
tg_1758611100_173995,927AoKzAgJ9rFD9GU5fJNL6bjfEHXiysJuBzBsCipump,2025-12-05T07:26:40Z,tg:1758611100,
tg_1758611100_174040,9oNryHhvUeS2UUNmdNgkJKqJwYWvZxRkoPydBuLupump,2025-12-05T12:37:50Z,tg:1758611100,
tg_1758611100_174045,BN4KNqBru3QEob6fntc4eKjwg32mQEZNJ9EVJ62rpump,2025-12-05T13:26:16Z,tg:1758611100,
tg_1758611100_174080,6zBkvjLkLZQxRBqACM4nHPjjdrjYjL994eruJtTWGJWM,2025-12-05T17:40:03Z,tg:1758611100,
tg_1758611100_174083,89q6aHpZ1fXhuwpnrBgqmCvuAX4GaCrRPQNp5xVHpump,2025-12-05T17:55:07Z,tg:1758611100,
tg_1758611100_174170,EsHi7xpwAedPz8vw4WU1mteTzHgbZF7Anrb5o8xCpump,2025-12-06T05:35:37Z,tg:1758611100,
tg_1758611100_174238,7fojV66mgwgzB3V6XgnjhaaXJymwzBZLDLBCNgkppump,2025-12-06T12:30:38Z,tg:1758611100,
tg_1758611100_174259,H1wfE6zxKfXdgEsGhJvdznvBzDRv8nzvAKGh6oW6pump,2025-12-06T15:06:42Z,tg:1758611100,
tg_1758611100_174270,9kHgyibtuDyFByrXwRo7dBc4DLg2pt63JLP9dg8Hpump,2025-12-06T16:30:37Z,tg:1758611100,
tg_1758611100_174302,8QW23aW9W1qZC8WB1qFKuhmsgdVmmMWhpUwx4Cu4pump,2025-12-06T20:47:44Z,tg:1758611100,
tg_1758611100_174320,9iEwuxv5y9vAeK6GLvfzVkwZbMSvkeKUKaA61xATwA97,2025-12-06T23:18:50Z,tg:1758611100,
tg_1758611100_174322,GPogzEkasH51Pm5tRhDhk1EDF1b5RJUMEzhkfrkDbonk,2025-12-06T23:22:15Z,tg:1758611100,
tg_1758611100_174414,Ep4jkFscaesdnJjgEvCotMgSZ5PgHow1XaZcebeMpump,2025-12-07T11:24:43Z,tg:1758611100,
tg_1758611100_174440,2i4pxWnUAbn7wEjes186bVMwjDdscrk1PZyzD4zfpump,2025-12-07T14:50:14Z,tg:1758611100,
tg_1758611100_174458,Dr7r38EvuFzezm9FhHgVw6eaPjGNRaj9JMAknAprpump,2025-12-07T16:39:58Z,tg:1758611100,
tg_1758611100_174542,5v2DtFAeNaY2zzYtY6AhPaSZHTKmKpbsUSnyyFdGpump,2025-12-08T04:58:37Z,tg:1758611100,
tg_1758611100_174594,BCaBbYYkB2kCrYFReJZmRJu33ykdnHQC6KCsxQiApump,2025-12-08T09:56:03Z,tg:1758611100,
tg_1758611100_174599,G8YbRgCBJTqNz7B1YEoTxQR1NDnsX9GHs37qKGR4pump,2025-12-08T10:24:47Z,tg:1758611100,
tg_1758611100_174613,EEwieHpUapFarajPgryHaYy5EUxE6dxxDn8HEB1B7Tsr,2025-12-08T12:09:20Z,tg:1758611100,
tg_1758611100_174623,9eBhSUGDxc74digspUfm9X5Km8xw1fNSEN6YyRJCk7MZ,2025-12-08T13:17:52Z,tg:1758611100,
tg_1758611100_174632,ARv5w7UhcGLDNdENDk8evDgFXCTWoGAGYvuHxfWxpump,2025-12-08T14:21:30Z,tg:1758611100,
tg_1758611100_174648,Hn2arGnTHwDm8Rds6RYqAig5nrwkvx7Um5aRbSBXpump,2025-12-08T15:53:41Z,tg:1758611100,
tg_1758611100_174669,27Qgup4Nt3sQ4bpxaFEvLwprGUfdMRqtYgmVcyvLpump,2025-12-08T17:42:23Z,tg:1758611100,
tg_1758611100_174684,LUxTiUYo7YN2LyPNchoZkx6PEd2y8xZukEZfZWZpump,2025-12-08T19:11:22Z,tg:1758611100,
tg_1758611100_174773,eByrGSXic4HjaxeYZedixPp5RC8TutL7B88duggpump,2025-12-09T05:45:51Z,tg:1758611100,
tg_1758611100_174799,8mCYtxU9bvXMvHwoBMjzUGSG9zAg4kgS1Bc5m4rVpump,2025-12-09T08:04:45Z,tg:1758611100,
tg_1758611100_174817,Ep4kgeqi6T5JrdJTbiXQcAjY3ZDAWh6meavJok9Epump,2025-12-09T10:09:28Z,tg:1758611100,
tg_1758611100_174821,3Mrvd1CfmKS1uq4dyq7jo3JMLtaAXFEyGhRSqnU6pump,2025-12-09T10:23:56Z,tg:1758611100,
tg_1758611100_174841,AF9PqqWZgTRVNpsUPYUKAuQC5Du75JJGP7Ede332bonk,2025-12-09T13:05:44Z,tg:1758611100,
tg_1758611100_174844,5xbQVMoF4EiGLMo65ae9mH3ypsRgsPnYFD11F6ozpump,2025-12-09T13:23:46Z,tg:1758611100,
tg_1758611100_174915,5eJUycCpF72DDni7Uc4NHQ6EcETtmsenqEHfaf5Wpump,2025-12-09T22:23:41Z,tg:1758611100,
tg_1758611100_174944,2CfPSEj8Ubf9n9SdDj4tMP1Ghf2nYq8HmdAw6Fnvpump,2025-12-10T01:47:03Z,tg:1758611100,
tg_1758611100_175012,9mNjA6BizTwpvd4DS3o7BjwZ6aPM9DC2jLHS7JFGbonk,2025-12-10T10:17:37Z,tg:1758611100,
tg_1758611100_175024,3N8WSNyCqosL26dftn7Mysma4K3ZmmZGDNpzjNSLpump,2025-12-10T11:59:44Z,tg:1758611100,
tg_1758611100_175040,4xnuqogS12f4MbJRmYHf7rVSAfzAuHVSy8qksrLLpump,2025-12-10T13:46:33Z,tg:1758611100,
tg_1758611100_175084,59C9BrxXG3KeorepewLxYuothVyhFqQB2MRtA8Uabonk,2025-12-10T18:53:07Z,tg:1758611100,
tg_1758611100_175116,GoqSBadz7zwyLppx4HboSZLz8cb2CRk7T3wzH6kRpump,2025-12-10T22:13:58Z,tg:1758611100,
tg_1758611100_175133,YWgFt7kEkf6xyjVnfxDsVFHDu4uGgXpmh7TLAwCDELZ,2025-12-11T01:13:02Z,tg:1758611100,
tg_1758611100_175220,9BYVxhYF4tWSRVyJUBSVC8PaAhuuiCiAbmfy4hUApump,2025-12-11T11:27:44Z,tg:1758611100,
tg_1758611100_175222,DNJ4zTzuLbt1wXZpkBNwbgS25RBNaqdKHdKzFsQCpump,2025-12-11T11:36:13Z,tg:1758611100,
tg_1758611100_175238,3odLHkTbMZW6tWT37sFbH7NcXoBhNgc66U4nckwmpump,2025-12-11T13:05:33Z,tg:1758611100,
tg_1758611100_175278,FrxQ4TsZ7SAKVu88fGN9zeKLTrrJwH1DLk92ibXgpump,2025-12-11T18:01:19Z,tg:1758611100,
tg_1758611100_175282,EECACVyG8A1KMD7WtWYSmq3gtp4sjvrxiJNz8vWYbonk,2025-12-11T18:20:13Z,tg:1758611100,
tg_1758611100_175291,HSierbs7XspCMK8fUgCin9p4mC1yvsLbvW4usgz3pump,2025-12-11T19:03:42Z,tg:1758611100,
tg_1758611100_175300,SurfwRjQQFV6P7JdhxSptf4CjWU8sb88rUiaLCystar,2025-12-11T19:49:12Z,tg:1758611100,
tg_1758611100_175311,7pL98QbnrMZCe5FEKajSdTTgLn6Thf5CFaozLkayBAGS,2025-12-11T20:43:09Z,tg:1758611100,
tg_1758611100_175352,7ea3ifsARjj2TeuPgScj5fNENpVodU4vXrA8yQcH8FK2,2025-12-12T02:31:47Z,tg:1758611100,
tg_1758611100_175419,D7sTr4WXhv4uFz2XsLWHJQ2kupQahjkbecFz2w8Spump,2025-12-12T10:25:26Z,tg:1758611100,
tg_1758611100_175435,3q7r7rTtkSkMEtmsQ7bPG3h6xW4burDXTEWF5xDEpump,2025-12-12T12:11:50Z,tg:1758611100,
tg_1758611100_175472,skaGxWXWXNYBAgpKqRcB6NHLPvNB5cLUKa2coQirmPu,2025-12-12T17:03:25Z,tg:1758611100,
tg_1758611100_175479,FbWb63BZXzrfkDGnzKLTUqLNEVp5KLVsbWJEMHcbpump,2025-12-12T18:00:05Z,tg:1758611100,
tg_1758611100_175503,6cNcXWqYvK9nhD1TsjJ1ZH1KATXcaPaRJtZPHyVkJoBs,2025-12-12T20:42:50Z,tg:1758611100,
tg_1758611100_175535,CXxfPDV1a8BxPmnviL4cWvfSPsf6hZPZBGYT5ucKbonk,2025-12-13T01:11:25Z,tg:1758611100,
tg_1758611100_175586,BtgJr7qyer76QRr4SLPLypAs9srLBFVNob3c76UJpump,2025-12-13T07:34:59Z,tg:1758611100,
tg_1758611100_175594,Ap5xezr7XymYd8ymW9tbDUsRZUtntWyhd2w9eDz2pump,2025-12-13T08:14:29Z,tg:1758611100,
tg_1758611100_175633,DPv4LM5Jv1PiksBBjPUXu9M4UA1Ww868KSoS9ZhFpump,2025-12-13T13:35:39Z,tg:1758611100,
tg_1758611100_175642,6Jo6fkTFPGTJ5WhE3sVNL9L1BsBPHWbzyrBggxsTpump,2025-12-13T14:16:55Z,tg:1758611100,
tg_1758611100_175648,3bPfgjyRYEiXaBBv6rYGexGZpJByH3Hwh2w287k6pump,2025-12-13T14:47:29Z,tg:1758611100,
tg_1758611100_175652,T17msVVK9diXZDSqYZH9M3B9aoWQ91o6U8zjiF3pump,2025-12-13T15:12:32Z,tg:1758611100,
tg_1758611100_175777,AZjdjkpmoynefPJ6LcbwV1XZmWJfeqMKuTnb2qUDpump,2025-12-14T05:48:00Z,tg:1758611100,
tg_1758611100_175795,J6YgxqwPp3GFvGMNvxgQNRK8qSmtvvTK2wgfuUs1pump,2025-12-14T08:02:51Z,tg:1758611100,
tg_1758611100_175810,8hmFgiKHjgPaFvntHqj2bLm1JAP11V6Fxkm6Tekepump,2025-12-14T09:26:23Z,tg:1758611100,
tg_1758611100_175837,6VDuCnoGzkym7jzWuoiJRhK3e5GrYkWjA8EbPocUpump,2025-12-14T12:52:51Z,tg:1758611100,
tg_1758611100_175847,4KMGg8YFKFewZsNuRrfqgDLuR15iVtPxEPe9GyFzpump,2025-12-14T14:05:31Z,tg:1758611100,
