position_id,strategy,signal_id,contract_address,entry_time,exit_time,status,size,pnl_sol,pnl_pct_total,realized_multiple,reason,fees_total_sol,exec_entry_price,exec_exit_price,raw_entry_price,raw_exit_price,closed_by_reset,triggered_portfolio_reset,reset_reason,hold_minutes,max_xn_reached,hit_x2,hit_x5,realized_total_pnl_sol,realized_tail_pnl_sol
3a61dbed7d9c4943901683cc9b203cd4,Runner_Tail_3_7_15_45d,__profit_reset_marker__,__profit_reset_marker__,2025-07-01T05:46:00+00:00,2025-07-18T05:18:00+00:00,closed,0.0,-0.0,0.0,1.0,profit_reset,0.0,1.0,0.985,1.0,1.0,True,True,profit_reset,24452,1.0,False,False,-0.0,0.0
8955d676e02e4cf88cac1dc0cb61f6e3,Runner_Tail_3_7_15_45d,tg_1758611100_139116,DPgmdXrqGHykj26xTGsmoNpFMfjaFB93cHvURriHpump,2025-07-01T05:46:00+00:00,2025-07-02T05:46:00+00:00,closed,0.1,-0.09464705083505139,-93.73181861448863,0.0626818138551137,timeout,2.1411796659794383e-05,6.128847777898353e-05,3.7018062217849292e-06,5.950337648445003e-05,3.729779568549047e-06,False,False,none,1440,0.0626818138551137,False,False,-0.09464705083505139,0.0
359990a5cb7548289aa98d401bdc82a2,Runner_Tail_3_7_15_45d,tg_1758611100_139158,4cjmXiM4Mg7F5Q5mXJF4Xn9y36wY9xLHK5nzcN4qpump,2025-07-01T09:31:00+00:00,2025-07-01T10:44:00+00:00,closed,0.1,0.19984427318056613,0.0,1.0,tp,0.0011993770927222758,9.128391880595938e-05,0.0002609542039055598,8.862516388928094e-05,0.0002657374785189,False,False,none,73,3.0,True,False,0.19984427318056613,0.0
d37dc5a107654560aa282f8fe0b66e07,Runner_Tail_3_7_15_45d,tg_1758611100_139169,A4u2PhhSxFUJdXRrqzbpQhgYEWZ56Mj5gFSFhYSFpump,2025-07-01T10:20:00+00:00,2025-07-02T10:20:00+00:00,closed,0.1,-0.0955577776372255,-95.61539367058806,0.043846063294119275,timeout,1.7768889451098314e-05,8.902168789356547e-05,3.7611419249671108e-06,8.642882319763638e-05,3.789563652359809e-06,False,False,none,1440,0.043846063294119275,False,False,-0.0955577776372255,0.0
6712ddaa04cd44468172cfa561cc4f98,Runner_Tail_3_7_15_45d,tg_1758611100_139190,5RcXsuKg6nWH9UEKdf22XLwwKJE2EmcGuHNadpgGDa9v,2025-07-01T12:44:00+00:00,2025-07-02T12:44:00+00:00,closed,0.1,-0.08928802478347174,-95.68674865962117,0.043132513403788174,timeout,4.284790086611298e-05,0.000182174693481955,7.5715728304641905e-06,0.0001768686344485,7.628788746059637e-06,False,False,none,1440,0.043132513403788174,False,False,-0.08928802478347174,0.0
e22d7b18521c4185b4c5fef30db3c087,Runner_Tail_3_7_15_45d,tg_1758611100_139201,6NWctRoMdzNjEwNqHmQv5b1nEi5XURek63wDdrawsBLV,2025-07-01T13:45:00+00:00,2025-07-02T13:45:00+00:00,closed,0.1,-0.01937633413343154,-95.03132224109603,0.049686777589039624,timeout,0.00032249466346627453,0.000757978356256208,3.629033081511989e-05,0.0007359013167536,3.656456505301752e-05,False,False,none,1440,0.049686777589039624,False,False,-0.01937633413343154,0.0
dd5650b6945840e08cd7a29a5dfb425a,Runner_Tail_3_7_15_45d,tg_1758611100_139216,DaPKQjewgFoCdgtK7X7V33PDQmG69r8Qvst9ZCjZpump,2025-07-01T15:52:00+00:00,2025-07-02T15:52:00+00:00,closed,0.1,-0.09505924080891255,-96.75077377584364,0.03249226224156369,timeout,1.9763036764350143e-05,0.000115173101006186,3.605988195688442e-06,0.0001118185446662,3.633237476764173e-06,False,False,none,1440,0.03249226224156369,False,False,-0.09505924080891255,0.0
2eb883182f2f44fc992b7023875ef7b8,Runner_Tail_3_7_15_45d,tg_1758611100_139226,t8w3Tr9crxWCKdr8B91n4mxAaCmYAXXWvs64WYdpump,2025-07-01T16:59:00+00:00,2025-07-02T16:59:00+00:00,closed,0.1,-0.060882203707808495,-94.28609376323574,0.05713906236764261,timeout,0.0001564711851687675,7.734599291945873e-05,4.258574205788694e-06,7.509319700918323e-05,4.290754867293394e-06,False,False,none,1440,0.05713906236764261,False,False,-0.060882203707808495,0.0
67c3b5c09cdf4c179aad01c3128feddc,Runner_Tail_3_7_15_45d,tg_1758611100_139250,EeKce1KYy6FzSr6hTkBgmAJhosxkwfpY9vDW94Tpbonk,2025-07-01T18:55:00+00:00,2025-07-01T19:23:00+00:00,closed,0.1,0.15555575398262486,0.0,1.0,tp,0.0010222230159305234,0.00015257625550329202,0.0003717464921817436,0.0001481322868964,0.0003785605826698,False,False,none,28,3.0,True,False,0.15555575398262486,0.0
6271056ffafa46469ab51d4c2baca814,Runner_Tail_3_7_15_45d,tg_1758611100_139291,DxzQNenW6q4jMs76e6jjhqvJbZ39gEUTAn5gdd1Nbonk,2025-07-01T23:35:00+00:00,2025-07-02T23:35:00+00:00,closed,0.1,-0.09578950918173273,-95.01420110581162,0.04985798894188378,timeout,1.6841963273069027e-05,8.198918332957125e-05,3.9389875508071325e-06,7.960114886366141e-05,3.968753199805675e-06,False,False,none,1440,0.04985798894188378,False,False,-0.09578950918173273,0.0
3fa4cf3fb605415fbe1e7e716220aa15,Runner_Tail_3_7_15_45d,tg_1758611100_139330,HLRs2Yj3GHWuWrrxotQo2oQ9P2oUSYwqstwYtBkBbonk,2025-07-02T04:15:00+00:00,2025-07-03T04:15:00+00:00,closed,0.1,-0.037086744307868215,-72.98988832918107,0.27010111670818926,timeout,0.00025165302276852763,0.000332304641460468,8.648804450018781e-05,0.0003226258654956,8.714160654930762e-05,False,False,none,1440,0.27010111670818926,False,False,-0.037086744307868215,0.0
45724dec52ab41a2a12c66cd7661740f,Runner_Tail_3_7_15_45d,tg_1758611100_139335,FJjKH9Xp2SvNDNUSN7X9T4uMNafFEYzbZpnwEZXKpump,2025-07-02T04:39:00+00:00,2025-07-03T04:39:00+00:00,closed,0.1,-0.045437694392914896,-23.68466440217778,0.7631533559782222,timeout,0.00021824922242834333,0.001961474350297656,0.0014424067379579105,0.0019043440294152,0.0014533065369853,False,False,none,1440,0.7631533559782222,False,False,-0.045437694392914896,0.0
6dbbcfa0758d461e9b718ff54cb5b4e2,Runner_Tail_3_7_15_45d,tg_1758611100_139345,6mfaa4KbMHfGfXtWmjpkXoNMLsYSPD69qsGtPqbkpump,2025-07-02T05:18:00+00:00,2025-07-03T05:18:00+00:00,closed,0.1,-0.08410441798393724,-96.27804033198734,0.0372195966801265,timeout,6.358232806425237e-05,0.0008273080239208881,2.9671000435158875e-05,0.0008032116737096,2.9895214544240678e-05,False,False,none,1440,0.0372195966801265,False,False,-0.08410441798393724,0.0
e0b9fb39c0ab4d898c51e1d9ea2a14e9,Runner_Tail_3_7_15_45d,tg_1758611100_139413,57vRgzy9iteSQRPQgX2L4RcsjxgstfMNZhswtBKLpump,2025-07-02T11:46:00+00:00,2025-07-03T11:46:00+00:00,closed,0.1,-0.09516910315253307,-94.95909849321832,0.05040901506781679,timeout,1.9323587389867558e-05,6.762993416347452e-05,3.285038526703815e-06,6.566013025580051e-05,3.3098624954194607e-06,False,False,none,1440,0.05040901506781679,False,False,-0.09516910315253307,0.0
e0e09f525a5c43a28200be116d02f8fa,Runner_Tail_3_7_15_45d,tg_1758611100_139478,2KqzGcQLTEPrm6u5teGQMzR4M3v7RB5184qth1hxn3Jy,2025-07-02T17:54:00+00:00,2025-07-03T17:54:00+00:00,closed,0.1,-0.09674210037625804,-98.77540510956297,0.012245948904370401,timeout,1.3031598494967715e-05,0.000562652507526626,6.639356557428439e-06,0.0005462645704142,6.68952801756014e-06,False,False,none,1440,0.012245948904370401,False,False,-0.09674210037625804,0.0
1e48448026ac43a5916860885280b7b1,Runner_Tail_3_7_15_45d,tg_1758611100_139500,25MrUAQBxY5wS21eLNFrW32PmwuDcy3mfBK1bHCTwSRz,2025-07-02T19:20:00+00:00,2025-07-03T19:20:00+00:00,closed,0.1,-0.06565145510264508,-94.36237837366347,0.056376216263365204,timeout,0.00013739417958941874,0.01815014789300725,0.0009859829008320652,0.0176215028087449,0.0009934336532313,False,False,none,1440,0.056376216263365204,False,False,-0.06565145510264508,0.0
7cb029bcda494e8dbd3a077a0bb65d4a,Runner_Tail_3_7_15_45d,tg_1758611100_139507,DTf1r45zDHV8XkKLaQbXzsecBBVWsoVRx6PYC8Vypump,2025-07-02T20:07:00+00:00,2025-07-03T20:07:00+00:00,closed,0.1,-0.09769488748673204,-97.3740095039695,0.026259904960304996,timeout,9.220450053071955e-06,0.000189108159538966,4.7851626985302e-06,0.0001836001548922,4.821322618166448e-06,False,False,none,1440,0.026259904960304996,False,False,-0.09769488748673204,0.0
c2c8ed984ce04563a013f2f4f3e719d2,Runner_Tail_3_7_15_45d,tg_1758611100_139626,8pFhEs3ZMCMVekQDCVvUYLBAPJdUkYWxUeNUMdq7jups,2025-07-03T07:05:00+00:00,2025-07-03T12:23:00+00:00,closed,0.1,0.20977604170079048,0.0,1.0,tp,0.0012391041668031733,0.000772812260469944,0.002282422776813083,0.0007503031655048,0.0023242594468565,False,False,none,318,3.0,True,False,0.20977604170079048,0.0
69ed43fc355345e1ae53d4e21fe66579,Runner_Tail_3_7_15_45d,tg_1758611100_139711,EZzRUjAZpbBwrsjeqxCQyWebJ7uTrZvx7Jf77hfxpump,2025-07-03T14:39:00+00:00,2025-07-04T14:39:00+00:00,closed,0.1,-0.09572021031199021,-98.25405727304123,0.01745942726958773,timeout,1.711915875203876e-05,0.00024836981666896403,4.178516300453321e-06,0.0002411357443388,4.21009199038118e-06,False,False,none,1440,0.01745942726958773,False,False,-0.09572021031199021,0.0
b13abeb48d0b4f78bdce2a07769aa8a4,Runner_Tail_3_7_15_45d,tg_1758611100_139717,ryAgfsmgmadESGttuG8LwKDsBsT7EisVkLxFcGKpump,2025-07-03T15:28:00+00:00,2025-07-03T15:31:00+00:00,closed,0.1,0.3884079480495877,0.0,1.0,tp,0.0019536317921983737,0.00017043072324697,0.0007936058725126012,0.000165466721599,0.0008081526196666,False,False,none,3,7.0,True,True,0.3884079480495877,0.3884079480495877
bca3da66992841c8a695849671e4a7f2,Runner_Tail_3_7_15_45d,tg_1758611100_139683,EoLW32eUjN9XibMLEb53CMzLtg9XxnHFU6fbpSukjups,2025-07-03T17:06:00+00:00,2025-07-04T17:06:00+00:00,closed,0.1,-0.015378020270937565,-39.36809717087743,0.6063190282912257,timeout,0.0003384879189162471,0.021584172063818692,0.012610429636372458,0.0209555068580764,0.012705722555539,False,False,none,1440,0.6063190282912257,False,False,-0.015378020270937565,0.0
bba717ea1efe4d039c484938d8ae2d58,Runner_Tail_3_7_15_45d,tg_1758611100_139742,w2ZUkG3MTYrmDLoUbRcQduCWECNGPvPZs1vhxaDpump,2025-07-03T17:34:00+00:00,2025-07-04T17:34:00+00:00,closed,0.1,-0.09715542390388504,-98.31497371072014,0.016850262892798538,timeout,1.1378304384459734e-05,0.000269347221914249,4.373332245106595e-06,0.0002615021571983,4.406380095825285e-06,False,False,none,1440,0.016850262892798538,False,False,-0.09715542390388504,0.0
70e92fc0755e42c2a754d3990cea4754,Runner_Tail_3_7_15_45d,tg_1758611100_139796,J4VRowz8cZjPHXQBZe3vbgnm9BoBrtuF3ewYxy9Spump,2025-07-03T21:34:00+00:00,2025-07-04T21:34:00+00:00,closed,0.1,-0.09459630452915498,-94.5091355131593,0.05490864486840706,timeout,2.161478188337975e-05,5.822614901687307e-05,3.0807189770721013e-06,5.653024176395443e-05,3.1039989693421672e-06,False,False,none,1440,0.05490864486840706,False,False,-0.09459630452915498,0.0
f2e6b3d2c4fb44b0b44927c20f4d5cee,Runner_Tail_3_7_15_45d,tg_1758611100_139836,BFgdzMkTPdKKJeTipv2njtDEwhKxkgFueJQfJGt1jups,2025-07-04T04:42:00+00:00,2025-07-05T04:42:00+00:00,closed,0.1,0.04809741064640392,628.7841705690969,7.287841705690969,timeout,0.0005923896425856223,0.0733144788562912,0.5148514895777462,0.0711791056857196,0.5187420549901725,False,False,none,1440,7.287841705690969,True,True,0.04809741064640392,0.04809741064640392
39b280fabbd84964ad6b53a31f0fce3b,Runner_Tail_3_7_15_45d,tg_1758611100_139922,83kGGSggYGP2ZEEyvX54SkZR1kFn84RgGCDyptbDbonk,2025-07-04T09:16:00+00:00,2025-07-04T13:43:00+00:00,closed,0.1,0.5734702369198512,0.0,1.0,tp,0.0026938809476794168,0.000450009985203989,0.002889447586284465,0.0004369028982563,0.0029424109839964,False,False,none,267,7.0,True,True,0.5734702369198512,0.5734702369198512
950585ee54184c5ba5196a1ec37580d1,Runner_Tail_3_7_15_45d,tg_1758611100_140010,9NT3GXSvPPZxjTNyGfgwPZVahfdMV8iJiHqEtjBDpump,2025-07-04T16:38:00+00:00,2025-07-04T17:26:00+00:00,closed,0.1,-0.01969660467007922,0.0,1.0,tp,0.0003212135813196876,9.958510504106709e-05,7.624345302932985e-05,9.6684568001036e-05,7.764099086489802e-05,False,False,none,48,3.0,True,False,-0.01969660467007922,0.0
ba7e9157aa784edcb70c70f0e7598d44,Runner_Tail_3_7_15_45d,tg_1758611100_140045,P79VPZFfDreHPQVEF9BHZtAipDpviczpcnBXHWspump,2025-07-04T19:13:00+00:00,2025-07-05T11:10:00+00:00,closed,0.1,0.5508805914709994,0.0,1.0,tp,0.0026035223658840145,0.000127344502378575,0.0007902341345459179,0.0001236354392025,0.000804719077949,False,False,none,957,7.0,True,True,0.5508805914709994,0.5508805914709994
ba89fda98dda4ad0ab7a81716aac4d81,Runner_Tail_3_7_15_45d,tg_1758611100_140145,5vdsNXpd7uQLdUMu2e4Ypm9c9swNaLhMQzta4ooMpump,2025-07-05T06:44:00+00:00,2025-07-06T06:44:00+00:00,closed,0.1,-0.09372422271509598,-95.64253322084917,0.04357466779150823,timeout,2.5103109139616026e-05,0.000626177167636871,2.62920593135594e-05,0.0006079389977057,2.649073986252836e-05,False,False,none,1440,0.04357466779150823,False,False,-0.09372422271509598,0.0
743fa370594e47ee96c029584be141f8,Runner_Tail_3_7_15_45d,tg_1758611100_140152,9E1TrvTBSwfJvHSzgyZJCipQC3v1abPN76panRg2bonk,2025-07-05T07:35:00+00:00,2025-07-06T07:35:00+00:00,closed,0.1,-0.05931165127840862,-92.1134077668382,0.07886592233161809,timeout,0.00016275339488636825,0.00092786246979033,7.051252816100068e-05,0.000900837349311,7.104536842418204e-05,False,False,none,1440,0.07886592233161809,False,False,-0.05931165127840862,0.0
adeee603918d411b888b6734b563207e,Runner_Tail_3_7_15_45d,tg_1758611100_140171,FV6Xcw9K5GZRb2jDN7e6xXgzs4ZDgJM1BE6nWRqRbonk,2025-07-05T09:22:00+00:00,2025-07-05T09:36:00+00:00,closed,0.1,0.03451106602924172,0.0,1.0,tp,0.0005380442641169658,0.00026131932269839105,0.00033512266541879996,0.0002537080802897,0.0003412654434,False,False,none,14,3.0,True,False,0.03451106602924172,0.0
e76e093d35674eb6a564fc3e4ac28371,Runner_Tail_3_7_15_45d,tg_1758611100_140220,9HBLhDZc2hyuDL7avTo14FEVcjs4fQ6yA5JuYL9cbonk,2025-07-05T15:26:00+00:00,2025-07-06T15:26:00+00:00,closed,0.1,-0.039225511409325876,-99.16729303064524,0.00832706969354758,timeout,0.00024309795436269765,0.0020337514758885494,1.631861781746224e-05,0.0019745159960083,1.644193230978563e-05,False,False,none,1440,0.00832706969354758,False,False,-0.039225511409325876,0.0
91cfcb3d58034cfeb5f8ac66c6084ccb,Runner_Tail_3_7_15_45d,tg_1758611100_140240,GZcGneiDq6L6PsEPBjPJuDcEezc3NRNE5F47XqcZpump,2025-07-05T17:02:00+00:00,2025-07-05T17:39:00+00:00,closed,0.1,0.539250507886184,0.0,1.0,tp,0.0025570020315447417,7.911229536268236e-05,0.00048215794796898097,7.680805375017705e-05,0.0004909958736955,False,False,none,37,7.0,True,True,0.539250507886184,0.539250507886184
8567a69c58fb49feb8885e13a9a0dca0,Runner_Tail_3_7_15_45d,tg_1758611100_140271,1QMoP7gFmBMJhN62C9uBErawfBgExdR65mJbCBeboop,2025-07-05T20:45:00+00:00,2025-07-06T20:45:00+00:00,closed,0.1,-0.013513350931111424,-92.15378618065878,0.07846213819341222,timeout,0.00034594659627555646,0.0005647675024478481,4.2699533330611396e-05,0.0005483179635416,4.302219982933138e-05,False,False,none,1440,0.07846213819341222,False,False,-0.013513350931111424,0.0
72aa9ea5ca9e4e73ac67e1d9b36a5b55,Runner_Tail_3_7_15_45d,tg_1758611100_140483,G48A1YcFvPRCvZoMh6zdM2kas6pCsfbGmjQwJvBSpump,2025-07-06T16:48:00+00:00,2025-07-07T16:48:00+00:00,closed,0.1,-0.09374020106738226,-98.2910959709379,0.017089040290620958,timeout,2.503919573047103e-05,0.00028586947713987596,4.707374514666817e-06,0.0002775431816892,4.742946614273871e-06,False,False,none,1440,0.017089040290620958,False,False,-0.09374020106738226,0.0
ae5b7102230e4e7a8e3562a179375f33,Runner_Tail_3_7_15_45d,tg_1758611100_140532,BfWJKtrUCZjMQ7vftvxBNLrBUuqhm4QYK74wKM7xbonk,2025-07-06T22:08:00+00:00,2025-07-07T22:08:00+00:00,closed,0.1,-0.043339661144583,-89.16945669514413,0.10830543304855861,timeout,0.0002266413554216709,4.2861562273289684e-05,4.473130109391071e-06,4.161316725562105e-05,4.506932100142137e-06,False,False,none,1440,0.10830543304855861,False,False,-0.043339661144583,0.0
4426b2a4c4234c709260e08ee41b69ac,Runner_Tail_3_7_15_45d,tg_1758611100_140699,5aUemPEExdpnRYwrHTsALeQgDFda63dAP5bNnSdgbonk,2025-07-07T16:10:00+00:00,2025-07-08T16:10:00+00:00,closed,0.1,0.06734171007807299,-77.52205469177784,0.22477945308222158,timeout,0.0006693668403122965,0.0010098902830790821,0.00021873792826435852,0.0009804760029894,0.0002203908597122,False,False,none,1440,0.22477945308222158,False,False,0.06734171007807299,0.0
fe4e769c26664ee9a6fb23331c7ef17f,Runner_Tail_3_7_15_45d,tg_1758611100_140805,DqRB2BZUfWFX8ZbCQvjWFor8KQTohaiTynSsYafbonk,2025-07-08T03:43:00+00:00,2025-07-08T07:23:00+00:00,closed,0.1,0.10586017108835924,0.0,1.0,tp,0.0008234406843534436,0.000428670538689879,0.0008413374660912944,0.0004161849890193,0.0008567591304392,False,False,none,220,3.0,True,False,0.10586017108835924,0.0
984fe256dd6d4fd5bb98c8a4666d8214,Runner_Tail_3_7_15_45d,tg_1758611100_140902,GUp6rv5emMKS2mSYrYSEVUDSebbNU7Ab6bUFpvuf48nc,2025-07-08T13:47:00+00:00,2025-07-09T13:47:00+00:00,closed,0.1,0.07558720016856216,-99.66686319255676,0.003331368074432363,timeout,0.0007023488006742407,0.001179523096736829,3.786363976328381e-06,0.0011451680550843,3.814976298567638e-06,False,False,none,1440,0.003331368074432363,False,False,0.07558720016856216,0.0
3f8f5cc8a6124c47a537a484f6a93d0c,Runner_Tail_3_7_15_45d,tg_1758611100_140970,8MGPXTqSKKMYTe1dpRrBo8FEwM82oxjJL7X5Pahgbonk,2025-07-08T20:17:00+00:00,2025-07-09T20:17:00+00:00,closed,0.1,-0.0893306416081382,-90.6557716193656,0.09344228380634409,timeout,4.2677433567447215e-05,5.730352659065936e-05,5.159624370706662e-06,5.563449183559161e-05,5.198613975523084e-06,False,False,none,1440,0.09344228380634409,False,False,-0.0893306416081382,0.0
995b4029704c49a7a32f49087c2ed256,Runner_Tail_3_7_15_45d,tg_1758611100_141050,3xypwTgs9nWgjc6nUBiHmMb36t2PwL3SwCZkEQvW8FTX,2025-07-09T04:00:00+00:00,2025-07-10T04:00:00+00:00,closed,0.1,-0.06625759727164952,-93.26184035278176,0.06738159647218243,timeout,0.00013496961091340187,0.003132111807003025,0.000203362955030191,0.0030408852495175,0.0002048997028012,False,False,none,1440,0.06738159647218243,False,False,-0.06625759727164952,0.0
3f225193236b459da6821405c88651a7,Runner_Tail_3_7_15_45d,tg_1758611100_141066,6fs6j8pQyGgxJqsBMQE9QWZgqKbBiez87naMPp2Jbonk,2025-07-09T05:12:00+00:00,2025-07-10T05:12:00+00:00,closed,0.1,-0.08559415523104745,-98.56413765330156,0.014358623466984478,timeout,5.7623379075810374e-05,0.000904194902253545,1.2510312316659026e-05,0.0008778591284015,1.2604848681772318e-05,False,False,none,1440,0.014358623466984478,False,False,-0.08559415523104745,0.0
e8799ad78b5642aea9339c1c0ed26329,Runner_Tail_3_7_15_45d,tg_1758611100_141078,92ZcT2413ZboNzdZFzq2mrqXZeu99wc5kx2fgjMgpump,2025-07-09T05:57:00+00:00,2025-07-10T05:57:00+00:00,closed,0.1,-0.06021989634628233,76.66548722652678,1.7666548722652677,timeout,0.00015912041461486892,9.041003408667765e-05,0.0001539081575405255,8.7776732122988e-05,0.0001550711914766,False,False,none,1440,1.7666548722652677,False,False,-0.06021989634628233,0.0
3e922d76a92d4a37acf1201998e8d69e,Runner_Tail_3_7_15_45d,tg_1758611100_141126,FjCTpAv1fvQxryWNVkQP1N2XeqkbPwWxgxEftbWPbonk,2025-07-09T10:50:00+00:00,2025-07-10T10:50:00+00:00,closed,0.1,-0.09051937829142563,-97.80243184118615,0.021975681588138504,timeout,3.792248683429783e-05,0.000235647857861527,4.989983858356455e-06,0.0002287843280209,5.027691544943532e-06,False,False,none,1440,0.021975681588138504,False,False,-0.09051937829142563,0.0
0a365ef015f04702bb9c67e2a0efea7a,Runner_Tail_3_7_15_45d,tg_1758611100_141146,BJssriYGNkMqLW2MUXxztWYbY3UBF87ZYKq3KDstaxX,2025-07-09T12:19:00+00:00,2025-07-09T12:48:00+00:00,closed,0.1,0.20443241750193494,0.0,1.0,tp,0.0012177296700077167,0.00019236392776203799,0.0005583272125099713,0.0001867610949146,0.0005685613162016,False,False,none,29,3.0,True,False,0.20443241750193494,0.0
5e4f0bae621a4b80b6d198f9342ff118,Runner_Tail_3_7_15_45d,tg_1758611100_141174,Dj2xFMCzDBW1R9zr8eQFApBRxEvR2mF9B85NDceqckw9,2025-07-09T14:01:00+00:00,2025-07-10T14:01:00+00:00,closed,0.1,-0.09673450710761752,-95.22788944045868,0.04772110559541316,timeout,1.3061971569530099e-05,4.2428180684847964e-05,1.9510041679638613e-06,4.119240843189123e-05,1.965747272507669e-06,False,False,none,1440,0.04772110559541316,False,False,-0.09673450710761752,0.0
1e0157b2611f4dbda5d68f3febfe883c,Runner_Tail_3_7_15_45d,tg_1758611100_141223,8TpHSgXoNdqZnzyHXv5mp7K4kdDgXvuStehkCmTabonk,2025-07-09T19:12:00+00:00,2025-07-10T18:52:00+00:00,closed,0.1,0.23038771921004197,0.0,1.0,tp,0.0013215508768401607,0.000337017971235939,0.0010615763113606556,0.0003272019138213,0.0010810349402858,False,False,none,1420,3.0,True,False,0.23038771921004197,0.0
d6bb5683b06c4087928790cb5d58d72b,Runner_Tail_3_7_15_45d,tg_1758611100_141234,cDkTvtXwJLqAS5NqpiwoTT2cbe6GkPBfBwkb5kppump,2025-07-09T20:27:00+00:00,2025-07-10T01:40:00+00:00,closed,0.1,1.2802062105302947,0.0,1.0,tp,0.005520824842121241,0.00018265715773679202,0.002403559822553608,0.0001773370463464,0.002447616927244,False,False,none,313,15.0,True,True,1.2802062105302947,1.2802062105302947
ad6c4c607df846478c7d26e3c706e331,Runner_Tail_3_7_15_45d,tg_1758611100_141320,GH2rnaLDnkqGAuDyCDAASAVQWUU29rQRzv3LpV1kbonk,2025-07-10T05:07:00+00:00,2025-07-11T01:44:00+00:00,closed,0.1,0.1783656316763068,0.0,1.0,tp,0.0011134625267052445,0.000445517967670138,0.0011823746258714256,0.0004325417161846,0.0012040474805208,False,False,none,1237,3.0,True,False,0.1783656316763068,0.0
402e2eddf1a640f9bb47aeac7b6d6949,Runner_Tail_3_7_15_45d,tg_1758611100_141410,5quRextWKqwVVAZkVSbWcW4VsJpTefAamsCgC6TPbonk,2025-07-10T11:29:00+00:00,2025-07-11T11:29:00+00:00,closed,0.1,-0.08879914940240625,-93.7963804153326,0.062036195846674,timeout,4.480340239037574e-05,6.402184606854605e-05,3.8270720804030425e-06,6.215713210538451e-05,3.855992020557222e-06,False,False,none,1440,0.062036195846674,False,False,-0.08879914940240625,0.0
bc94ea0b150043758c9448b4408a1956,Runner_Tail_3_7_15_45d,tg_1758611100_141445,5HKCLW2Hr3gqvQNfW1tik5q84X1kkF4iSqTsXNTrzvtT,2025-07-10T15:00:00+00:00,2025-07-11T15:00:00+00:00,closed,0.1,-0.09449744966727147,-97.54416504923715,0.024558349507628453,timeout,2.2010201330914005e-05,0.000229171528924411,5.423168879358587e-06,0.0002224966300237,5.464150004391523e-06,False,False,none,1440,0.024558349507628453,False,False,-0.09449744966727147,0.0
7b52a4b3e4bf4bedb5a749456a5a9f8b,Runner_Tail_3_7_15_45d,tg_1758611100_141493,8eVgWdy5gkoZNeSqRLTjzffGHq8aZQvFxBqbvTXDbonk,2025-07-10T17:43:00+00:00,2025-07-10T18:08:00+00:00,closed,0.1,0.18488144313008953,0.0,1.0,tp,0.0011395257725203556,0.000317440880397978,0.0008621866196715474,0.0003081950295126,0.0008779904477307,False,False,none,25,3.0,True,False,0.18488144313008953,0.0
70aaa1f5bb4b42ffbfc9d9dcaea4038a,Runner_Tail_3_7_15_45d,tg_1758611100_141497,J7gaM1P2fVpivP9sRpyno8j6SGwUSffTADnWFQvqpump,2025-07-10T18:10:00+00:00,2025-07-11T18:10:00+00:00,closed,0.1,-0.030455227742348115,-95.51821288422629,0.044817871157737145,timeout,0.00027817908903060573,0.000216888808532276,9.36659317114758e-06,0.0002105716587692,9.437373472188996e-06,False,False,none,1440,0.044817871157737145,False,False,-0.030455227742348115,0.0
47dc25abe0114aec8feb23c811c44a27,Runner_Tail_3_7_15_45d,tg_1758611100_141553,5HaQwBuX996CoBZzg2VspBT4sLU8Gx4kzuukGMrBbonk,2025-07-10T22:36:00+00:00,2025-07-11T22:36:00+00:00,closed,0.1,-0.0806244832119333,-97.7016496240821,0.022983503759179034,timeout,7.750206715226651e-05,0.000153641836917564,3.402663619746883e-06,0.0001491668319588,3.428376443069907e-06,False,False,none,1440,0.022983503759179034,False,False,-0.0806244832119333,0.0
d14d7e63edaa4f6e93940c2e1c23ebcc,Runner_Tail_3_7_15_45d,tg_1758611100_141787,FjoHttjKHeuycYZA38xCBeYLyLxuf1tTY72RLackpump,2025-07-11T18:54:00+00:00,2025-07-12T01:01:00+00:00,closed,0.1,-0.06917824058280146,-67.770139898767,0.32229860101233,profit_reset,0.00012328703766879487,8.70514543742916e-05,2.703508519050091e-05,8.451597512067145e-05,2.7239380544585296e-05,True,False,profit_reset,367,0.32229860101233,False,False,-0.06917824058280146,0.0
af5da13bb25e49a5b5bb59e1e4543b1b,Runner_Tail_3_7_15_45d,tg_1758611100_141798,DLehJ1mGvhq3GCwr3zZMzPxNwutK7bY1DsW9xPbpump,2025-07-11T19:40:00+00:00,2025-07-11T20:48:00+00:00,closed,0.1,0.13523564275342712,0.0,1.0,tp,0.0009409425710137087,0.000266569371767343,0.0005978436736986308,0.0002588052153081,0.0006088021117094,False,False,none,68,3.0,True,False,0.13523564275342712,0.0
851a1a066dab4a6bb7dc7684c16ae263,Runner_Tail_3_7_15_45d,tg_1758611100_141804,FGftaHdkbPYoRTPmjd6FQoTwYCxdXrgxezLdtixCpump,2025-07-11T19:55:00+00:00,2025-07-12T01:01:00+00:00,closed,0.1,-0.09595203577267229,-95.76710339680453,0.04232896603195473,profit_reset,1.619185690931047e-05,0.000233870768951357,9.53908886024083e-06,0.0002270589989819,9.61117265515449e-06,True,False,profit_reset,306,0.04232896603195473,False,False,-0.09595203577267229,0.0
c809277451d641c7a05871e57baf8197,Runner_Tail_3_7_15_45d,tg_1758611100_141818,CZQnHH2FHrDyaoh8jRkUmYKhFxXg2dFmWUFELbavbonk,2025-07-11T21:18:00+00:00,2025-07-12T01:01:00+00:00,closed,0.1,0.579612238125819,0.0,1.0,tp,0.002718448952503283,0.000195459525821205,0.0012664623831247176,0.0001897665299235,0.0012896765612268,False,False,none,223,7.0,True,True,0.579612238125819,0.579612238125819
74cb86fba6204b58b7a61ae2b1c6aeb4,Runner_Tail_3_7_15_45d,tg_1758611100_141894,BWLCBrca2iY21gwX4UCjbR9YAjZHxvhzUU1pTCDrbonk,2025-07-12T06:32:00+00:00,2025-07-12T07:12:00+00:00,closed,0.1,0.1599854794639699,0.0,1.0,tp,0.001039941917855891,7.981106816286176e-05,0.0001978274163499208,7.748647394452598e-05,0.0002014535808044,False,False,none,40,3.0,True,False,0.1599854794639699,0.0
f2ece44f0bd84699a2e95cce4f33bd62,Runner_Tail_3_7_15_45d,tg_1758611100_141983,8gej9zsTFxnQF1MRHxpq1swfp9AifxTtuSppbwjubonk,2025-07-12T15:57:00+00:00,2025-07-12T17:40:00+00:00,closed,0.1,0.12160404680568529,0.0,1.0,tp,0.0008864161872227383,0.000117018324558805,0.0002472326510266462,0.0001136100238435,0.0002517644104141,False,False,none,103,3.0,True,False,0.12160404680568529,0.0
d04aab26195c4349b325bd3d23427ee0,Runner_Tail_3_7_15_45d,tg_1758611100_142021,GTLjYQ14NtB4X2ayUnGJRtBFWYDn8X7VgiFBzN7FGwnB,2025-07-12T19:38:00+00:00,2025-07-13T19:38:00+00:00,closed,0.1,-0.0642449972773617,-98.81256227485399,0.011874377251460125,timeout,0.000143020010890553,0.0017659462241943831,2.020605857702584e-05,0.0017145108972761,2.035874919599581e-05,False,False,none,1440,0.011874377251460125,False,False,-0.0642449972773617,0.0
173fff60c2a845e199323f987699d844,Runner_Tail_3_7_15_45d,tg_1758611100_142055,5nDSCvBxXY7hEsAbpjJr51WaLDDKgmFjNWAc6wD2pump,2025-07-12T23:10:00+00:00,2025-07-13T17:51:00+00:00,closed,0.1,1.5383845936106455,0.0,1.0,tp,0.0065535383744426134,0.000146623570672874,0.0022903081054767697,0.0001423529812358,0.0023322893131128,False,False,none,1121,15.0,True,True,1.5383845936106455,1.5383845936106455
19e1bddb975e448a88eb4eff9373d18a,Runner_Tail_3_7_15_45d,tg_1758611100_142074,7nFYpHyhDgzg3ioU2JFko5kaVwm6bjkL4MtbUiVAiYbJ,2025-07-13T01:50:00+00:00,2025-07-13T18:09:00+00:00,closed,0.1,0.23145879978713638,0.0,1.0,tp,0.0013258351991485284,0.007701372561586841,0.024337275022034654,0.0074770607394047,0.024783375786186,False,False,none,979,3.0,True,False,0.23145879978713638,0.0
f4cfe526725e411e974fdfd81f445c09,Runner_Tail_3_7_15_45d,tg_1758611100_142277,Ey2zpSAJ5gVLfYDD5WjccbksJD3E9jPFMPaJ8wxvpump,2025-07-13T21:30:00+00:00,2025-07-14T09:08:00+00:00,closed,0.1,0.18842270755815438,0.0,1.0,tp,0.0011536908302326454,0.000416478036112177,0.0011452381728478186,0.0004043476078759,0.0011662303185823,False,False,none,698,3.0,True,False,0.18842270755815438,0.0
29aa4d14ea4645cabd26e34ac7572d0f,Runner_Tail_3_7_15_45d,tg_1758611100_142410,9tqjeRS1swj36Ee5C1iGiwAxjQJNGAVCzaTLwFY8bonk,2025-07-14T10:48:00+00:00,2025-07-14T20:43:00+00:00,closed,0.1,1.359795165353914,0.0,1.0,tp,0.005839180661415755,0.001036311578685395,0.014423030922161628,0.0010061277462965,0.0146874041977206,False,False,none,595,15.0,True,True,1.359795165353914,1.359795165353914
ffb6dd69887d4673a8f3dc29d953c036,Runner_Tail_3_7_15_45d,tg_1758611100_142182,FRsWUe7PUjWgxitDxFhURsHZuemsZwXtqT5R6QvRbonk,2025-07-14T15:50:00+00:00,2025-07-15T15:50:00+00:00,closed,0.1,-0.030806295003232523,-67.03117576983573,0.3296882423016427,timeout,0.00027677481998707176,0.001004018551650229,0.0003189616632964238,0.0009747752928643,0.0003213719529435,False,False,none,1440,0.3296882423016427,False,False,-0.030806295003232523,0.0
d2f1300128274653875646ac8df43ea0,Runner_Tail_3_7_15_45d,tg_1758611100_142537,2rVgh6tcU1Hhk58XwD631E2D6iqLV28prSdpBXaLbonk,2025-07-14T19:14:00+00:00,2025-07-14T19:14:00+00:00,closed,0.1,0.0,0.0,1.0,tp,0.0003999999999999976,0.000867363916182425,0.000826943073486545,0.0008421008894975,0.0008421008894975,False,False,none,0,7.0,True,True,0.0,0.0
c6fedf801a594f1aabd918468b0ee272,Runner_Tail_3_7_15_45d,tg_1758611100_142559,777Z92HqqGEav312yx8CfakajosBRFFUMbemyLaqbonk,2025-07-14T20:39:00+00:00,2025-07-14T21:03:00+00:00,closed,0.1,0.2303644273184558,0.0,1.0,tp,0.0013214577092738322,0.000253138317213025,0.0007973067289792884,0.0002457653565175,0.0008119213126062,False,False,none,24,3.0,True,False,0.2303644273184558,0.0
dfa45f3d7383471497ccda4515af2843,Runner_Tail_3_7_15_45d,tg_1758611100_142578,dTzEP9JU2NRDPuWtM32gaVKip2fTHBqjheU1APBpump,2025-07-14T21:46:00+00:00,2025-07-15T21:46:00+00:00,closed,0.1,-0.03850983745460526,-89.44232569883147,0.1055767430116853,timeout,0.00024596065018157864,0.000632202905940143,6.431585369290827e-05,0.0006137892290681,6.480186770066324e-05,False,False,none,1440,0.1055767430116853,False,False,-0.03850983745460526,0.0
497a1d557b004e01a1df93029f10d5bb,Runner_Tail_3_7_15_45d,tg_1758611100_142597,G9h69DZAr6zEvrb9Y9DqBx88gC6yE5vapiefk8egpump,2025-07-14T23:01:00+00:00,2025-07-15T23:01:00+00:00,closed,0.1,-0.09450620380806976,-93.73344443775616,0.06266555562243835,timeout,2.1975184767720687e-05,0.000104383382007428,6.3030905936993925e-06,0.0001013430893276,6.350721001208456e-06,False,False,none,1440,0.06266555562243835,False,False,-0.09450620380806976,0.0
d3dd73caa3b348029b63196d4f5a518a,Runner_Tail_3_7_15_45d,tg_1758611100_142607,CjoGpiBeaX9xQPhNfUcU617GqZK8tehVED9sJYe3Vray,2025-07-14T23:41:00+00:00,2025-07-15T23:41:00+00:00,closed,0.1,-0.09499198901137361,-94.28646116335182,0.05713538836648176,timeout,2.0032043954505523e-05,6.912850966987914e-05,3.805885063427912e-06,6.711505793192149e-05,3.834644900179256e-06,False,False,none,1440,0.05713538836648176,False,False,-0.09499198901137361,0.0
4c9e00b0a54e49c5b4a28ba34293032e,Runner_Tail_3_7_15_45d,tg_1758611100_142729,4bFjaiJuNiZqhpzQT9qHugJtQ48d8uwJud4e69gmbonk,2025-07-15T12:25:00+00:00,2025-07-16T12:25:00+00:00,closed,0.1,-0.08087093260388944,-86.35856907861549,0.1364143092138451,timeout,7.651626958444374e-05,3.986468477084995e-05,5.240123868233361e-06,3.870357744742713e-05,5.279721781595326e-06,False,False,none,1440,0.1364143092138451,False,False,-0.08087093260388944,0.0
a3e4ffd836234c8bb3473edf4d0c4bab,Runner_Tail_3_7_15_45d,tg_1758611100_142764,Eb7Wq4Ad3icPUtbNCFAmmGQcmjvNAswjPabki1qgpump,2025-07-15T15:02:00+00:00,2025-07-16T15:02:00+00:00,closed,0.1,-0.09881188117025685,-99.01437365531662,0.009856263446833933,timeout,4.752475318972561e-06,0.000672797275101581,6.389837559019745e-06,0.0006532012379627,6.438123485158433e-06,False,False,none,1440,0.009856263446833933,False,False,-0.09881188117025685,0.0
444f81e6ec7e4db5985cb2999b86dfee,Runner_Tail_3_7_15_45d,tg_1758611100_142771,GXyAcL6QPrmdZXGga9cVuSqhmmDSXgapW6F6hzoVbonk,2025-07-15T15:26:00+00:00,2025-07-16T15:26:00+00:00,closed,0.1,-0.08869635654221071,-90.6522876099086,0.09347712390091405,timeout,4.5214573831157956e-05,5.1236714431127866e-05,4.615087133864693e-06,4.974438294284259e-05,4.649961847722612e-06,False,False,none,1440,0.09347712390091405,False,False,-0.08869635654221071,0.0
2905cbc9063443919b718bea08b1cd78,Runner_Tail_3_7_15_45d,tg_1758611100_142775,7xtmqMaVifpUEhvYzTPgJcU6N4eoCrDVcNEKPEi2pump,2025-07-15T15:46:00+00:00,2025-07-16T15:46:00+00:00,closed,0.1,-0.030965998511872206,-93.69390574566553,0.0630609425433447,timeout,0.00027613600595251253,0.00010985422210885101,6.67529558993782e-06,0.0001066545845717,6.725738629660272e-06,False,False,none,1440,0.0630609425433447,False,False,-0.030965998511872206,0.0
38fef5a5c8da40528e568d2c71dc95c5,Runner_Tail_3_7_15_45d,tg_1758611100_142905,HD3JBABeFkdZwUgKwhwJYqjLNrPWXEaDVfH4uMqRpump,2025-07-16T04:39:00+00:00,2025-07-17T04:39:00+00:00,closed,0.1,0.02407490515382629,-81.51237241086206,0.18487627589137942,timeout,0.0004962996206153009,0.0035014399106526382,0.000623765215686274,0.0033994562239346,0.0006284788067368,False,False,none,1440,0.18487627589137942,False,False,0.02407490515382629,0.0
46fac1cceedb4080a657ebbb76148674,Runner_Tail_3_7_15_45d,tg_1758611100_142911,DFCYkvCjoJdse64BkbJRE8AdCWZsAz7K4vaGdGRCpump,2025-07-16T04:58:00+00:00,2025-07-17T04:58:00+00:00,closed,0.1,-0.08382806510321714,-96.18679587864655,0.03813204121353455,timeout,6.468773958713189e-05,0.000149007866265471,5.4751061085863755e-06,0.0001446678313257,5.516479706384257e-06,False,False,none,1440,0.03813204121353455,False,False,-0.08382806510321714,0.0
dae7dd75b78a408cb453b1daea93179b,Runner_Tail_3_7_15_45d,tg_1758611100_142931,CuWokSWLxxQKVxTx51qA9d9QyAggUfKj6Ji6kkGmbonk,2025-07-16T06:30:00+00:00,2025-07-16T06:43:00+00:00,closed,0.1,0.23807891862531663,0.0,1.0,tp,0.001352315674501281,7.463175476924066e-05,0.0002405558964508718,7.24580143390686e-05,0.0002449652713349,False,False,none,13,3.0,True,False,0.23807891862531663,0.0
297e77f2ea2c44e5989d42d392251f40,Runner_Tail_3_7_15_45d,tg_1758611100_142981,5GasK5s5TiCEPHGscEL4dYST65pxMXPeZMjpZuVTbonk,2025-07-16T10:46:00+00:00,2025-07-17T10:46:00+00:00,closed,0.1,-0.0963788726914849,-97.6736247023671,0.023263752976329,timeout,1.448450923406024e-05,0.00017165092004771298,3.8478594831392934e-06,0.0001666513786871,3.876936506941354e-06,False,False,none,1440,0.023263752976329,False,False,-0.0963788726914849,0.0
7813b3505da948fd8dda34f775c7c1cb,Runner_Tail_3_7_15_45d,tg_1758611100_143023,CffTf8NJJ6NNthsGrBDBQ9cZJ21DBenFQXwFs9Mtbonk,2025-07-16T14:01:00+00:00,2025-07-17T03:25:00+00:00,closed,0.1,0.19874610252793046,0.0,1.0,tp,0.0011949844101117324,0.000259705918936512,0.0007397046672444144,0.0002521416688704,0.0007532634085992,False,False,none,804,3.0,True,False,0.19874610252793046,0.0
4eb18a13fdea4cc990ae85713bef2932,Runner_Tail_3_7_15_45d,tg_1758611100_143074,jZGmEwwaW94iiU32wa6RADgVEhdpQpa6MtGERfJpump,2025-07-16T19:02:00+00:00,2025-07-17T04:18:00+00:00,closed,0.1,0.16740258584811507,0.0,1.0,tp,0.0010696103433924797,0.000593691207988298,0.001513562932578228,0.0005763992310566,0.001541306448654,False,False,none,556,3.0,True,False,0.16740258584811507,0.0
32be16fe3c574111a4e6484cc68bcfe1,Runner_Tail_3_7_15_45d,tg_1758611100_143205,FT8X8hqoEwNT8UifNL3ppPbpccf7mnuNLpJsszv7AFHW,2025-07-17T06:14:00+00:00,2025-07-18T05:18:00+00:00,closed,0.1,1.3500859434340446,0.0,1.0,tp,0.005800343773736172,0.00026824080732541306,0.003708453632263472,0.0002604279682771,0.0037764293607571,False,False,none,1384,15.0,True,True,1.3500859434340446,1.3500859434340446
be31cbcc7a904dd8b76fc61ae52887ec,Runner_Tail_3_7_15_45d,tg_1758611100_139097,DHJVYXsikcimtcVo49FAZqYd1XPYPaXezYhbKArJbonk,2025-07-17T07:34:00+00:00,2025-07-17T08:17:00+00:00,closed,0.1,0.06189478802099233,61.89478802099233,1.6189478802099233,timeout,0.0006475791520839658,0.014390221201576497,0.022448825703125085,0.0139710885452199,0.0226184641845089,False,False,none,43,1.6189478802099233,False,False,0.06189478802099233,0.0
291c63e8f3f34956804abd8e56b45225,Runner_Tail_3_7_15_45d,tg_1758611100_143232,9GtvcnDUvGsuibktxiMjLQ2yyBq5akUahuBs8yANbonk,2025-07-17T08:15:00+00:00,2025-07-17T08:17:00+00:00,closed,0.1,1.437587314250255e-05,0.014375873142502549,1.000143758731425,timeout,0.0004000575034925763,0.023293669441674998,0.022448825703125085,0.0226152130501699,0.0226184641845089,False,False,none,2,1.000143758731425,False,False,1.437587314250255e-05,0.0
e15135c07f52468b98f2f8cbd7b8294c,Runner_Tail_3_7_15_45d,tg_1758611100_143245,9QyLyjvypx53YJnicSGY7LeTxypHPVbMZnuyATNibonk,2025-07-17T08:40:00+00:00,2025-07-18T05:18:00+00:00,closed,0.1,-0.09624322870102199,-96.0715995553834,0.039284004446166025,profit_reset,1.502708519591188e-05,0.00010169590358237355,3.849572486430275e-06,9.87338869731782e-05,3.878662454841587e-06,True,False,profit_reset,1238,0.039284004446166025,False,False,-0.09624322870102199,0.0
c29cfff5b2ae4769aa04101a6724ed3f,Runner_Tail_3_7_15_45d,tg_1758611100_143333,HRcgvea3PdKqPY2XzEjjYkQgKbcsCQvMBkZQkecbonk,2025-07-17T16:14:00+00:00,2025-07-18T05:18:00+00:00,closed,0.1,-0.09803797446157286,-97.94833877707619,0.02051661222923814,profit_reset,7.848102153708639e-06,0.000186851851131768,3.6939953608552642e-06,0.0001814095642056,3.7219096834813743e-06,True,False,profit_reset,784,0.02051661222923814,False,False,-0.09803797446157286,0.0
15f8a87236c946168d0e8c95189a4fea,Runner_Tail_3_7_15_45d,tg_1758611100_143374,BgCz2hYh4nnziGacRLv3pfzwAL9Wt3bVc1jmUJGxpump,2025-07-17T19:56:00+00:00,2025-07-18T05:18:00+00:00,closed,0.1,-0.09876145367014388,-98.70487033527733,0.012951296647226626,profit_reset,4.954185319424459e-06,0.000520067148987926,6.49031780931785e-06,0.0005049195621242,6.539363032058287e-06,True,False,profit_reset,562,0.012951296647226626,False,False,-0.09876145367014388,0.0
bea4b7697bfa491486112c73919c779d,Runner_Tail_3_7_15_45d,tg_1758611100_143536,8vUMf7qEThPQVctatG2c66rycPBo5KbjxLQYc8Mobonk,2025-07-18T11:16:00+00:00,2025-07-18T13:45:00+00:00,closed,0.1,0.4887861534056243,0.0,1.0,tp,0.0023551446136225174,8.799814249300971e-05,0.0004939754392664447,8.543508979903855e-05,0.0005030299788864,False,False,none,149,7.0,True,True,0.4887861534056243,0.4887861534056243
0a3af82a06554b1385123bdabe06e794,Runner_Tail_3_7_15_45d,tg_1758611100_143578,49rvGwnQVp2DcmgvaPgPK8JBXRZcSfjMkzapq7Cqpump,2025-07-18T14:29:00+00:00,2025-07-19T14:29:00+00:00,closed,0.1,-0.09572768112706892,-95.91074634009118,0.04089253659908826,timeout,1.7089275491724565e-05,8.84105075630161e-05,3.4837038270802142e-06,8.583544423593796e-05,3.510029044917092e-06,False,False,none,1440,0.04089253659908826,False,False,-0.09572768112706892,0.0
cbba1a09ffd346cebb3e014190bf0969,Runner_Tail_3_7_15_45d,tg_1758611100_143656,J2bUGZDxRDpsVfjZqKwn6yYCUKFmqzHgt8UajhGtpump,2025-07-18T21:47:00+00:00,2025-07-19T21:47:00+00:00,closed,0.1,-0.017536768248757086,-38.91410975656765,0.6108589024343235,timeout,0.00032985292700497826,0.0007755324128109311,0.00045649303097401804,0.0007529440901077,0.0004599426004776,False,False,none,1440,0.6108589024343235,False,False,-0.017536768248757086,0.0
fff7687fff8e435ab6423c94604427e8,Runner_Tail_3_7_15_45d,tg_1758611100_143751,4SngaZ3N9ELjCqh6P3MeA3r4Hi2Dx1MDn2H4ijcDbonk,2025-07-19T10:05:00+00:00,2025-07-19T23:18:00+00:00,closed,0.1,0.6276391962165933,0.0,1.0,tp,0.0029105567848664027,0.00019192545196326802,0.0013314440478762878,0.0001863353902556,0.0013558493359229,False,False,none,793,7.0,True,True,0.6276391962165933,0.6276391962165933
4e00a2f80f524b00bac132b562d989dd,Runner_Tail_3_7_15_45d,tg_1758611100_143802,12XvRbmvA3AY8La3brnQGcMR5HBp7Cn3Fxc5kKiQ86FY,2025-07-19T15:22:00+00:00,2025-07-20T15:22:00+00:00,closed,0.1,-0.09487448864033803,-93.62904285623851,0.06370957143761491,timeout,2.0502045438648003e-05,0.000665588761671226,4.086052616414405e-05,0.0006462026812342,4.116929588326856e-05,False,False,none,1440,0.06370957143761491,False,False,-0.09487448864033803,0.0
1fe290335e084c90b9372e30bd86ab41,Runner_Tail_3_7_15_45d,tg_1758611100_143807,4CPgAsxg7mEfGCobyk7NnCbwvG1sweGsM36V3zukpump,2025-07-19T16:14:00+00:00,2025-07-20T16:14:00+00:00,closed,0.1,-0.06240266117882685,-94.4118125965043,0.05588187403495696,timeout,0.00015038935528469133,9.243287085185299e-05,4.977264204165484e-06,8.974065131247863e-05,5.014875772458926e-06,False,False,none,1440,0.05588187403495696,False,False,-0.06240266117882685,0.0
649001c2e0104788a56907e9dc5fcad7,Runner_Tail_3_7_15_45d,tg_1758611100_143821,8fRWphActZHjcWeUah29krWie1Bf8L1X5RjycMWykMhh,2025-07-19T16:55:00+00:00,2025-07-20T16:55:00+00:00,closed,0.1,-0.0930539484059707,-92.97838668771425,0.07021613312285742,timeout,2.7784206376117032e-05,6.284108436306306e-05,4.251810204497465e-06,6.101076151753696e-05,4.283939752642281e-06,False,False,none,1440,0.07021613312285742,False,False,-0.0930539484059707,0.0
4d39b3bd227649adadbbbf6a0d9cc2f3,Runner_Tail_3_7_15_45d,tg_1758611100_144043,2H5gDNyUAW11MAAyVJmTT4mKEvXzJ4odMHhRZXZDbonk,2025-07-20T16:52:00+00:00,2025-07-21T16:52:00+00:00,closed,0.1,-0.092155085184451,-97.10107689704473,0.028989231029552667,timeout,3.13796592621967e-05,0.000151389526557233,4.228884433122388e-06,0.0001469801228711,4.260840738662355e-06,False,False,none,1440,0.028989231029552667,False,False,-0.092155085184451,0.0
90425583557741eda6214ee4af1acfc9,Runner_Tail_3_7_15_45d,tg_1758611100_144079,5bXVGNnGhCFAK9KPh1S9whFkhVxZy1mREWFbqB499xUP,2025-07-20T21:33:00+00:00,2025-07-21T21:33:00+00:00,closed,0.1,-0.09718851392715473,-98.5672463760216,0.014327536239783977,timeout,1.1245944291381205e-05,0.000614223575699818,8.479910884580168e-06,0.0005963335686406,8.543990815697903e-06,False,False,none,1440,0.014327536239783977,False,False,-0.09718851392715473,0.0
db35e6e153ac4d3ba93344480a5a367f,Runner_Tail_3_7_15_45d,tg_1758611100_144091,GKkZ6bSRmyUVMD2ur9kqxEokHSrDLkZ7oqXUstJDpump,2025-07-20T22:59:00+00:00,2025-07-21T22:59:00+00:00,closed,0.1,-0.06037386071381561,-96.23260745311163,0.0376739254688837,timeout,0.00015850455714473688,0.00013754952881713902,4.993364530786348e-06,0.0001335432318613,5.031097764016471e-06,False,False,none,1440,0.0376739254688837,False,False,-0.06037386071381561,0.0
42fbd2efaf6b44bc993b4cee64af2318,Runner_Tail_3_7_15_45d,tg_1758611100_144197,96U2q6WRoRCVyX73AcZZdWfYutxdZuxB2GsxioK3bonk,2025-07-21T11:57:00+00:00,2025-07-22T11:57:00+00:00,closed,0.1,-0.0936195078594617,-94.95017944760956,0.05049820552390448,timeout,2.5521968562152927e-05,6.727847885715074e-05,3.2737491594845437e-06,6.531891151179683e-05,3.2984878181204467e-06,False,False,none,1440,0.05049820552390448,False,False,-0.0936195078594617,0.0
9ce33bd2a839443784a684ae8dd94191,Runner_Tail_3_7_15_45d,tg_1758611100_144275,A5Q2Hb41mFr7oCKurLZc3hrtB5ZAS8R7njxeWexu1bS,2025-07-21T17:52:00+00:00,2025-07-22T17:52:00+00:00,closed,0.1,-0.08094926686531995,-97.45786479755589,0.025421352024441176,timeout,7.620293253872076e-05,0.000190939849115301,4.677227671315385e-06,0.0001853784942867,4.712571961023058e-06,False,False,none,1440,0.025421352024441176,False,False,-0.08094926686531995,0.0
505f9cd764654d5eb1851bd9d53309e0,Runner_Tail_3_7_15_45d,tg_1758611100_144371,GKKwq9dGr367VzZUBuC7w4n75V5LfewgU5fyqLGbonk,2025-07-22T04:11:00+00:00,2025-07-22T04:49:00+00:00,closed,0.1,0.0889409833605318,0.0,1.0,tp,0.0007557639334421218,0.000270925550395101,0.00048803435913377777,0.0002630345149467,0.0004969799991179,False,False,none,38,3.0,True,False,0.0889409833605318,0.0
e420782759644aa2b3965da305251d93,Runner_Tail_3_7_15_45d,tg_1758611100_144259,CpP7Jq67B3z8w3RwmGVhqkVrSaivsy2VML8K1xLvbonk,2025-07-22T08:15:00+00:00,2025-07-23T08:15:00+00:00,closed,0.1,-0.08736769132836468,-96.30128321206813,0.036987167879318716,timeout,5.052923468654158e-05,0.00012434556866848602,4.431744170111859e-06,0.0001207238530762,4.4652334207676166e-06,False,False,none,1440,0.036987167879318716,False,False,-0.08736769132836468,0.0
a9ef7ea79c284d11bbe77a3d238d653b,Runner_Tail_3_7_15_45d,tg_1758611100_144443,88HPgV4Bp6ZrhgUrm2YmaB8XBrXNYDWMxLPzRH9W3GP6,2025-07-22T13:40:00+00:00,2025-07-22T16:05:00+00:00,closed,0.1,1.4491311254093076,0.0,1.0,tp,0.006196524501637324,0.000183699673391628,0.0027131313971503106,0.0001783491974676,0.0027628629298883,False,False,none,145,15.0,True,True,1.4491311254093076,1.4491311254093076
0486e60ffae943e4860ef0430c4136de,Runner_Tail_3_7_15_45d,tg_1758611100_144466,4MuJzY1cewycufnhwiWEshUMJ1tp5Dt2hnLsdLj8pump,2025-07-22T16:22:00+00:00,2025-07-23T16:22:00+00:00,closed,0.1,-0.03106927815276216,-86.10448936631076,0.13895510633689248,timeout,0.0002757228873889461,4.425015114536492e-05,5.92492094601363e-06,4.296131179161643e-05,5.969693648376453e-06,False,False,none,1440,0.13895510633689248,False,False,-0.03106927815276216,0.0
8c920ba9d2bb4daca9a99cc148422636,Runner_Tail_3_7_15_45d,tg_1758611100_144483,6opdPfd5dbkaxihfV9PQ4hudTqDgwxKqC9GKuvc4bonk,2025-07-22T18:32:00+00:00,2025-07-23T18:32:00+00:00,closed,0.1,-0.009929996734915826,-93.46180934965635,0.06538190650343659,timeout,0.0003602800130603351,0.000422600545844769,2.662446714213449e-05,0.0004102917920823,2.682565958905238e-05,False,False,none,1440,0.06538190650343659,False,False,-0.009929996734915826,0.0
c9f6a377c7f54410b9769262e201ffa3,Runner_Tail_3_7_15_45d,tg_1758611100_144576,ECyfEnjvq4Ho9nak5uirfEAaomC4Qw4SWp5Qt72Zpump,2025-07-23T04:09:00+00:00,2025-07-24T01:38:00+00:00,closed,0.1,0.19957301636235428,0.0,1.0,tp,0.0011982920654494134,0.000780369467530655,0.002228831435247264,0.0007576402597385,0.0022696857792742,False,False,none,1289,3.0,True,False,0.19957301636235428,0.0
2c0fae7d8dd84420ad998e03f53df2e7,Runner_Tail_3_7_15_45d,tg_1758611100_144587,2EyNf2PCNT7eQ9ag1RDXw3qn3Cy22WdTA9T6HKDebonk,2025-07-23T05:34:00+00:00,2025-07-23T09:03:00+00:00,closed,0.1,0.09350098055652367,0.0,1.0,tp,0.0007740039222260964,9.383208425208454e-05,0.0001731046748043958,9.109911092435392e-05,0.0001762776729169,False,False,none,209,3.0,True,False,0.09350098055652367,0.0
a1c32bfab8bd418dba4ee1d8ee95a4dc,Runner_Tail_3_7_15_45d,tg_1758611100_144624,wq4n4P5XM8zzHLW12r7Q7oLHzWBFo5x1vtatHoYbonk,2025-07-23T10:10:00+00:00,2025-07-24T10:10:00+00:00,closed,0.1,-0.0909472499102722,-98.73313573578282,0.012668642642171744,timeout,3.621100035891209e-05,0.000395378416415579,4.826544715535694e-06,0.0003838625402093,4.863017345627903e-06,False,False,none,1440,0.012668642642171744,False,False,-0.0909472499102722,0.0
6d3dcc4536714a04b614d26b72dc5642,Runner_Tail_3_7_15_45d,tg_1758611100_144641,WegbqPo2VVrUbU48f5qNaEcB26jZziWAYaEsECZbonk,2025-07-23T11:57:00+00:00,2025-07-24T11:57:00+00:00,closed,0.1,-0.09672088447718724,-97.45421527929811,0.025457847207018772,timeout,1.3116462091251196e-05,0.000158529559158431,3.888886053533975e-06,0.0001539121933577,3.918273101797456e-06,False,False,none,1440,0.025457847207018772,False,False,-0.09672088447718724,0.0
9de449ab301e49e88d6d311702670ad9,Runner_Tail_3_7_15_45d,tg_1758611100_144645,uesmNgPq8dSxGg8QvukAVo6CkJg89QS1UFs8Levbonk,2025-07-23T12:30:00+00:00,2025-07-24T12:30:00+00:00,closed,0.1,-0.09505660115113328,-95.79493350035487,0.04205066499645129,timeout,1.9773595395467143e-05,9.088602461276979e-05,3.6826739228610954e-06,8.823885884734931e-05,3.710502693059038e-06,False,False,none,1440,0.04205066499645129,False,False,-0.09505660115113328,0.0
33e2d4b8f14941e99da31f1b0d8d6191,Runner_Tail_3_7_15_45d,tg_1758611100_144682,F9DsCxRjqV2RnPckHCcoAw2UPcjtB7uFjuJHXPRabtDD,2025-07-23T16:33:00+00:00,2025-07-24T16:33:00+00:00,closed,0.1,-0.09604228305912074,-96.52989764292114,0.03470102357078866,timeout,1.5830867763516956e-05,0.00010455233638316301,3.4959830495573446e-06,0.0001015071227021,3.5224010574885083e-06,False,False,none,1440,0.03470102357078866,False,False,-0.09604228305912074,0.0
29b4ce3aa6b847f688ee306861a79c0a,Runner_Tail_3_7_15_45d,tg_1758611100_144701,7QoiarUMRWZk4J3SxjYeuqeS2pPrKD9cMqEoC4fDLDwT,2025-07-23T18:19:00+00:00,2025-07-24T18:19:00+00:00,closed,0.1,-0.09655980019135829,-98.61711664295046,0.013828833570495313,timeout,1.3760799234566797e-05,0.000314654658202909,4.1928855327335896e-06,0.0003054899594203,4.224569806280695e-06,False,False,none,1440,0.013828833570495313,False,False,-0.09655980019135829,0.0
f1a2ed2fdb2f43d9bec783e44e4ffb5c,Runner_Tail_3_7_15_45d,tg_1758611100_144735,7mTo4k5oAk7drvGKK8axo1zP2WruAHVPp4zsgcoBbonk,2025-07-23T22:25:00+00:00,2025-07-24T22:25:00+00:00,closed,0.1,-0.058063385750651286,-85.97074023747572,0.14029259762524274,timeout,0.00016774645699739466,9.142725395269748e-05,1.2359580289937788e-05,8.876432422591988e-05,1.2452977622103565e-05,False,False,none,1440,0.14029259762524274,False,False,-0.058063385750651286,0.0
c9774d2767d14adfadf3b77fd8c75385,Runner_Tail_3_7_15_45d,tg_1758611100_144839,NLMYNpjYVnYnq8rjwC9rKXgpMhg5MtQUUmwVBiAbonk,2025-07-24T14:04:00+00:00,2025-07-25T14:04:00+00:00,closed,0.1,0.03592931497278971,-95.26156416382094,0.04738435836179064,timeout,0.0005437172598911633,0.00030678527291219204,1.4007570035876327e-05,0.0002978497795264,1.4113420691059271e-05,False,False,none,1440,0.04738435836179064,False,False,0.03592931497278971,0.0
7384ad32d2934756a2d97f0c00905267,Runner_Tail_3_7_15_45d,tg_1758611100_144844,87egPM7xbFTC2yu2j6mpDwF48AxpYUUsDXfCoXobonk,2025-07-24T14:30:00+00:00,2025-07-24T14:59:00+00:00,closed,0.1,0.20655762304898093,0.0,1.0,tp,0.0012262304921959455,5.8188429166066365e-05,0.0001700681613251402,5.6493620549579e-05,0.0001731855003311,False,False,none,29,3.0,True,False,0.20655762304898093,0.0
8726aabddcd34a5e89a583a8c8c5af37,Runner_Tail_3_7_15_45d,tg_1758611100_144942,3hrGWXzgQzAikcG6rerG45tK7KLYw2dZ84owWJ14bonk,2025-07-25T02:07:00+00:00,2025-07-26T02:07:00+00:00,closed,0.1,0.08067983300006483,-91.54200177052533,0.08457998229474657,timeout,0.0007227193320002712,0.000233036171939218,1.8992591098960842e-05,0.0002262487106206,1.9136111938499588e-05,False,False,none,1440,0.08457998229474657,False,False,0.08067983300006483,0.0
5900dea3620e49c5a8ecc49b9d0cfb55,Runner_Tail_3_7_15_45d,tg_1758611100_145038,5cBPkTSaQ2UnPG7xLccQHYs3Sv6QFrAnEFgjsgVVbonk,2025-07-25T13:39:00+00:00,2025-07-26T13:39:00+00:00,closed,0.1,-0.021365106726767294,-97.18365229901573,0.028163477009842675,timeout,0.0003145395730929368,0.000249148323480747,6.761414036201876e-06,0.0002418915761949,6.812507845039673e-06,False,False,none,1440,0.028163477009842675,False,False,-0.021365106726767294,0.0
22a34e897c024a559f1be046a43fdff5,Runner_Tail_3_7_15_45d,tg_1758611100_145096,MyBBADbeeJKqLAk7KJcLGg8tWtEPRmFjE1Uo4KSbonk,2025-07-25T19:50:00+00:00,2025-07-26T10:04:00+00:00,closed,0.1,0.1234696094596476,0.0,1.0,tp,0.0008938784378385856,0.000139936468573824,0.0002981423312397118,0.0001358606491008,0.0003036072619549,False,False,none,854,7.0,True,True,0.1234696094596476,0.1234696094596476
ab311f4a79f04c4f9f2641a9b61b672e,Runner_Tail_3_7_15_45d,tg_1758611100_145113,FMimSfAe49ahHzSuqYoimYra1z6ZVoy7iD2aW2Znpump,2025-07-25T23:43:00+00:00,2025-07-26T04:25:00+00:00,closed,0.1,0.5462971112591465,0.0,1.0,tp,0.0025851884450366347,7.025617361254421e-05,0.00043290337414502957,6.820987729373225e-05,0.0004408384665428,False,False,none,282,7.0,True,True,0.5462971112591465,0.5462971112591465
2ae18963ea8b4791942a403782556fb1,Runner_Tail_3_7_15_45d,tg_1758611100_145237,GMLEFvNsZ8WgZuewxVqdT2reNgABdfVPnjWsjmm6bonk,2025-07-26T12:53:00+00:00,2025-07-27T12:53:00+00:00,closed,0.1,-0.01701483540595552,-96.56919795874373,0.03430802041256269,timeout,0.0003319406583761758,0.0006886862180299681,2.2767237737696673e-05,0.0006686273961456,2.2939282355361885e-05,False,False,none,1440,0.03430802041256269,False,False,-0.01701483540595552,0.0
8b72bce630394fca8d39b75d9b467bec,Runner_Tail_3_7_15_45d,tg_1758611100_145328,xo8qqdpDR3eowTeSmw362sDaWQZZo5ZfA5ThYE3bonk,2025-07-26T22:16:00+00:00,2025-07-26T22:24:00+00:00,closed,0.1,0.06374945509194023,0.0,1.0,tp,0.0006549978203677642,0.000114537386012908,0.0001788139487904666,0.0001112013456436,0.0001820915975463,False,False,none,8,7.0,True,True,0.06374945509194023,0.06374945509194023
21f5ec28f25645fca0feee04d8c448cb,Runner_Tail_3_7_15_45d,tg_1758611100_141386,CmJWm7B9JrqA5145bCqXMzVDbGfdhaJfVCt474Sebonk,2025-07-29T17:30:00+00:00,2025-07-30T17:30:00+00:00,closed,0.1,-0.010184400612121081,-45.965717092624736,0.5403428290737526,timeout,0.00035926239755151856,0.000355844192545125,0.0001852774502684255,0.0003454797985875,0.0001866775317566,False,False,none,1440,0.5403428290737526,False,False,-0.010184400612121081,0.0
323737b33da54aa994686dede2d7b7aa,Runner_Tail_3_7_15_45d,tg_1758611100_142535,pumpCmXqMfrsAkQ5r49WcJnRayYRqmXz6ae8H7H9Dfn,2025-08-12T16:26:00+00:00,2025-08-13T16:26:00+00:00,closed,0.1,0.003384505243719693,2.304495146737784,1.0230449514673778,timeout,0.00041353802097487957,0.003894219932130051,0.0038389148797653046,0.0037807960506117,0.0038679243121061,False,False,none,1440,1.0230449514673778,False,False,0.003384505243719693,0.0
